{
  "config": {
    "run_name": "exp1_4_L2_K64-128-256",
    "out_dir": "./results",
    "seed": 42,
    "device": null,
    "bs_train": 1024,
    "bs_test": 256,
    "batches": 1000,
    "epochs": 10,
    "early_stopping": 2,
    "checkpoints": null,
    "lr": 0.001,
    "reg": 0.001,
    "filters_per_layer": [
      64,
      128,
      256
    ],
    "layers_per_block": 2,
    "pool_every": 2,
    "hidden_dims": [
      1024
    ],
    "pooling_kernel_size": 3,
    "stride": 1,
    "padding": 6,
    "pooling_size": 2,
    "pooling_type": "avg",
    "activation_type": "lrelu",
    "model_type": "resnet",
    "kw": {}
  },
  "results": {
    "num_epochs": 5,
    "train_loss": [
      2.303758382797241,
      2.3010568618774414,
      2.282672643661499,
      2.2586185932159424,
      2.2438230514526367,
      2.239211320877075,
      2.2115767002105713,
      2.217094659805298,
      2.17099666595459,
      2.169802188873291,
      2.135293960571289,
      2.0935773849487305,
      2.076535224914551,
      2.1201062202453613,
      2.0488667488098145,
      2.1090281009674072,
      2.038116216659546,
      2.0632004737854004,
      2.0389344692230225,
      1.9892795085906982,
      2.0236494541168213,
      1.9406369924545288,
      1.9844114780426025,
      1.8658918142318726,
      1.924906611442566,
      1.9067212343215942,
      1.8897227048873901,
      1.9043834209442139,
      1.864302158355713,
      1.8916289806365967,
      1.8645155429840088,
      1.8664098978042603,
      1.8611838817596436,
      1.8566901683807373,
      1.8552968502044678,
      1.9799988269805908,
      1.7611714601516724,
      1.873049020767212,
      1.8309577703475952,
      1.8789983987808228,
      1.8339003324508667,
      1.8365607261657715,
      1.8390628099441528,
      1.785207748413086,
      1.8317760229110718,
      1.8053443431854248,
      1.796029806137085,
      1.7501766681671143,
      1.7862660884857178,
      1.749069094657898,
      1.6578528881072998,
      1.681117296218872,
      1.6941832304000854,
      1.6977826356887817,
      1.6437994241714478,
      1.690565824508667,
      1.63278067111969,
      1.6695048809051514,
      1.6879960298538208,
      1.705464243888855,
      1.6800169944763184,
      1.653449535369873,
      1.6779990196228027,
      1.6445926427841187,
      1.6709644794464111,
      1.7618324756622314,
      1.6480979919433594,
      1.6484098434448242,
      1.6453768014907837,
      1.6221619844436646,
      1.6524081230163574,
      1.5887782573699951,
      1.568573236465454,
      1.5281126499176025,
      1.5742526054382324,
      1.5649086236953735,
      1.5980180501937866,
      1.583622932434082,
      1.572848916053772,
      1.5641897916793823,
      1.5706807374954224,
      1.5752533674240112,
      1.605896234512329,
      1.6077184677124023,
      1.5364820957183838,
      1.5739091634750366,
      1.5434916019439697,
      1.56663179397583,
      1.568852186203003,
      1.5573744773864746,
      1.5354931354522705,
      1.5339818000793457,
      1.5238866806030273,
      1.5330270528793335,
      1.6276894807815552,
      1.5756438970565796,
      1.539477825164795,
      1.5023188591003418,
      1.5919378995895386,
      1.4378268718719482,
      1.486281156539917,
      1.4386951923370361,
      1.5481220483779907,
      1.5059622526168823,
      1.4982191324234009,
      1.4802000522613525,
      1.482523798942566,
      1.4782191514968872,
      1.492558479309082,
      1.488280177116394,
      1.5214829444885254,
      1.512903094291687,
      1.5160071849822998,
      1.4374127388000488,
      1.5551135540008545,
      1.535756230354309,
      1.4363538026809692,
      1.451701045036316,
      1.4226810932159424,
      1.4419302940368652,
      1.4248420000076294,
      1.3951094150543213,
      1.4063146114349365,
      1.361072301864624,
      1.3699085712432861,
      1.4279799461364746,
      1.49612557888031,
      1.7109057903289795,
      1.4570446014404297,
      1.512539267539978,
      1.4715253114700317,
      1.5364412069320679,
      1.526212453842163,
      1.5284205675125122,
      1.48270845413208,
      1.4749810695648193,
      1.4649474620819092,
      1.4913734197616577,
      1.4714758396148682,
      1.4741573333740234,
      1.4426968097686768,
      1.4198142290115356,
      1.451421856880188,
      1.4227311611175537,
      1.493943691253662,
      1.363750696182251,
      1.4381864070892334,
      1.3909447193145752,
      1.4477123022079468,
      1.3348687887191772,
      1.3425101041793823,
      1.324011206626892,
      1.3837631940841675,
      1.3943458795547485,
      1.3390856981277466,
      1.3815010786056519,
      1.3350412845611572,
      1.3708698749542236,
      1.353549838066101,
      1.390114426612854,
      1.3768166303634644,
      1.4341219663619995,
      1.3789108991622925,
      1.4080897569656372,
      1.4960205554962158,
      1.4130603075027466,
      1.3786896467208862,
      1.345119833946228,
      1.332680344581604,
      1.3656895160675049,
      1.335397720336914,
      1.3410812616348267,
      1.3150312900543213,
      1.2720025777816772,
      1.269984245300293,
      1.364203691482544,
      1.332231044769287,
      1.3510383367538452,
      1.33806574344635,
      1.3285402059555054,
      1.3480117321014404,
      1.3950997591018677,
      1.3778727054595947,
      1.3780561685562134,
      1.301345944404602,
      1.3406587839126587,
      1.3194836378097534,
      1.3479652404785156,
      1.3163974285125732,
      1.345145344734192,
      1.2825464010238647,
      1.2808184623718262,
      1.3230652809143066,
      1.31059992313385,
      1.375388741493225,
      1.2631306648254395,
      1.30509614944458,
      1.2679444551467896,
      1.3171828985214233,
      1.2459805011749268,
      1.236365556716919,
      1.243125319480896,
      1.3362979888916016,
      1.3195079565048218,
      1.2445299625396729,
      1.2965677976608276,
      1.2819957733154297,
      1.2893404960632324,
      1.271116018295288,
      1.3013994693756104,
      1.2733361721038818,
      1.3228510618209839,
      1.3157970905303955,
      1.2702085971832275,
      1.342409610748291,
      1.3089213371276855,
      1.2516610622406006,
      1.2534589767456055,
      1.2242854833602905,
      1.2603658437728882,
      1.2844330072402954,
      1.2370433807373047,
      1.2228139638900757,
      1.172520399093628,
      1.1848286390304565,
      1.2195100784301758,
      1.2232728004455566,
      1.2670789957046509,
      1.1999037265777588,
      1.2103632688522339,
      1.2573192119598389,
      1.2482309341430664,
      1.2887693643569946,
      1.312312126159668,
      1.245370864868164,
      1.2690070867538452,
      1.2528302669525146,
      1.26236093044281,
      1.2529176473617554,
      1.2924948930740356,
      1.220779299736023,
      1.2071315050125122,
      1.254577875137329,
      1.2337374687194824,
      1.302925705909729,
      1.18222975730896,
      1.24946129322052,
      1.2001091241836548,
      1.2410407066345215,
      1.1746255159378052,
      1.181111216545105,
      1.162014126777649,
      1.190082311630249,
      1.2339088916778564,
      1.186761498451233,
      1.208662986755371,
      1.2648884057998657,
      1.2250463962554932,
      1.2322033643722534,
      1.2182968854904175,
      1.230729341506958,
      1.2646921873092651,
      1.23161780834198,
      1.2759896516799927,
      1.2986493110656738,
      1.2888367176055908,
      1.2072439193725586,
      1.2270123958587646,
      1.1665644645690918,
      1.2590303421020508,
      1.1863932609558105,
      1.2010420560836792,
      1.1945463418960571,
      1.1136318445205688,
      1.16548752784729,
      1.1880407333374023,
      1.1362450122833252,
      1.2344721555709839,
      1.142620325088501,
      1.1571810245513916,
      1.1857926845550537,
      1.1807160377502441,
      1.2458518743515015,
      1.2716877460479736,
