{
  "config": {
    "run_name": "exp1_4_L32_K32",
    "out_dir": "./results",
    "seed": 42,
    "device": null,
    "bs_train": 1024,
    "bs_test": 256,
    "batches": 1000,
    "epochs": 10,
    "early_stopping": 2,
    "checkpoints": null,
    "lr": 0.001,
    "reg": 0.001,
    "filters_per_layer": [
      32
    ],
    "layers_per_block": 32,
    "pool_every": 17,
    "hidden_dims": [
      1024
    ],
    "pooling_kernel_size": 3,
    "stride": 1,
    "padding": 6,
    "pooling_size": 2,
    "pooling_type": "avg",
    "activation_type": "lrelu",
    "model_type": "resnet",
    "kw": {}
  },
  "results": {
    "num_epochs": 5,
    "train_loss": [
      2.304840564727783,
      2.291571855545044,
      2.272658586502075,
      2.260910987854004,
      2.245634078979492,
      2.2335691452026367,
      2.2324821949005127,
      2.2088863849639893,
      2.1964359283447266,
      2.1789252758026123,
      2.1584384441375732,
      2.1497209072113037,
      2.1179521083831787,
      2.1079487800598145,
      2.1185991764068604,
      2.0976643562316895,
      2.085509777069092,
      2.0806407928466797,
      2.0577797889709473,
      2.0449090003967285,
      2.0274546146392822,
      2.0211105346679688,
      2.038163661956787,
      1.9780316352844238,
      2.0182650089263916,
      2.008331060409546,
      1.9892504215240479,
      2.0102627277374268,
      2.0145161151885986,
      2.000737190246582,
      2.009136199951172,
      2.0336594581604004,
      1.9946848154067993,
      2.0006895065307617,
      1.9816462993621826,
      1.9780356884002686,
      1.9730032682418823,
      2.0120036602020264,
      1.9611297845840454,
      2.011573314666748,
      1.9914675951004028,
      1.983376145362854,
      1.9850343465805054,
      1.9343568086624146,
      1.968997836112976,
      1.9731491804122925,
      1.9630659818649292,
      1.9462945461273193,
      1.9720537662506104,
      1.9671157598495483,
      1.9201470613479614,
      1.9314907789230347,
      1.9469876289367676,
      1.944956660270691,
      1.917701005935669,
      1.9527909755706787,
      1.9483177661895752,
      1.931262493133545,
      1.9591680765151978,
      1.9504539966583252,
      1.952193021774292,
      1.947121500968933,
      1.9132802486419678,
      1.9437552690505981,
      1.9635915756225586,
      1.9725755453109741,
      1.9616416692733765,
      1.9381864070892334,
      1.9364269971847534,
      1.921884536743164,
      1.911802887916565,
      1.9044889211654663,
      1.9021400213241577,
      1.8617287874221802,
      1.8987447023391724,
      1.9124454259872437,
      1.8949280977249146,
      1.9250856637954712,
      1.9114580154418945,
      1.894979476928711,
      1.9216139316558838,
      1.9420585632324219,
      1.9206926822662354,
      1.9229984283447266,
      1.9129911661148071,
      1.8946988582611084,
      1.8798120021820068,
      1.9376142024993896,
      1.8953344821929932,
      1.9327491521835327,
      1.923072099685669,
      1.9190845489501953,
      1.9104266166687012,
      1.8768088817596436,
      1.9081358909606934,
      1.9081076383590698,
      1.89633047580719,
      1.883143424987793,
      1.9152085781097412,
      1.9090659618377686,
      1.8541909456253052,
      1.855912208557129,
      1.8852242231369019,
      1.8910542726516724,
      1.8515818119049072,
      1.8892905712127686,
      1.8772798776626587,
      1.8677616119384766,
      1.8888002634048462,
      1.898455023765564,
      1.8911930322647095,
      1.879766583442688,
      1.8523286581039429,
      1.8852158784866333,
      1.8936231136322021,
      1.9164870977401733,
      1.8949902057647705,
      1.865414023399353,
      1.8699331283569336,
      1.8565455675125122,
      1.8480165004730225,
      1.8387749195098877,
      1.8371680974960327,
      1.8035320043563843,
      1.841144323348999,
      1.8594815731048584,
      1.8311171531677246,
      1.8656200170516968,
      1.8569416999816895,
      1.8277591466903687,
      1.8587467670440674,
      1.8789011240005493,
      1.8681881427764893,
      1.8718774318695068,
      1.8550498485565186,
      1.841101050376892,
      1.82112455368042,
      1.86691415309906,
      1.8381456136703491,
      1.8758360147476196,
      1.8629732131958008,
      1.8610360622406006,
      1.8514537811279297,
      1.822090983390808,
      1.8558106422424316,
      1.8506320714950562,
      1.8379954099655151,
      1.8292382955551147,
      1.8650333881378174,
      1.845607042312622,
      1.795143723487854,
      1.7954814434051514,
      1.8266254663467407,
      1.8363056182861328,
      1.794927716255188,
      1.8375314474105835,
      1.8124011754989624,
      1.8127870559692383,
      1.8362491130828857,
      1.8466626405715942,
      1.839724063873291,
      1.8306914567947388,
      1.810806393623352,
      1.8349274396896362,
      1.839324712753296,
      1.8719462156295776,
      1.835890293121338,
      1.8119016885757446,
      1.8258873224258423,
      1.804962396621704,
      1.8046388626098633,
      1.795293927192688,
      1.7942752838134766,
      1.7557616233825684,
      1.7988337278366089,
      1.8190948963165283,
      1.7842298746109009,
      1.8263362646102905,
      1.811690092086792,
      1.7767282724380493,
      1.8173701763153076,
      1.8287649154663086,
      1.828057885169983,
      1.839176058769226,
      1.813317894935608,
      1.7986958026885986,
      1.781227707862854,
      1.8223176002502441,
      1.8013923168182373,
      1.8351774215698242,
      1.8200446367263794,
      1.819810152053833,
      1.8152344226837158,
      1.7836180925369263,
      1.8196871280670166,
      1.8078559637069702,
      1.7998301982879639,
      1.7961615324020386,
      1.8278735876083374,
      1.8013547658920288,
      1.7556546926498413,
      1.757081151008606,
      1.7859110832214355,
      1.799752950668335,
      1.7593393325805664,
      1.797306776046753,
      1.7696284055709839,
      1.7763863801956177,
      1.7983691692352295,
      1.8057301044464111,
      1.7990295886993408,
      1.7978322505950928,
      1.7830404043197632,
      1.8005796670913696,
      1.8065381050109863,
      1.83199143409729,
      1.791208267211914,
      1.774357557296753,
      1.7860156297683716,
      1.7690293788909912,
      1.7724701166152954,
      1.7591257095336914,
      1.7583190202713013,
      1.7213590145111084,
      1.7636654376983643,
      1.786001205444336,
      1.74823796749115,
      1.7954028844833374,
      1.77211332321167,
      1.7391084432601929,
      1.7840808629989624,
      1.7867767810821533,
      1.7968181371688843,
      1.813435673713684,
      1.7781977653503418,
      1.7603695392608643,
      1.750582218170166,
      1.7870272397994995,
      1.7707641124725342,
      1.801595687866211,
      1.7841707468032837,
      1.7865803241729736,
      1.789015769958496,
      1.7529349327087402,
      1.7879247665405273,
      1.7736084461212158,
      1.7705774307250977,
      1.7693547010421753,
      1.799111247062683,
      1.764859676361084,
      1.7235571146011353,
      1.723605751991272,
      1.756767988204956,
      1.7698001861572266,
      1.728528618812561,
      1.765215277671814,
      1.7364115715026855,
      1.7466927766799927,
      1.7660331726074219,
      1.7728406190872192,
      1.7605688571929932,
      1.7716983556747437,
      1.7618879079818726,
      1.765678882598877,
      1.777536153793335,
      1.7999932765960693,
      1.7489235401153564,
      1.7421764135360718,
      1.7560008764266968,
      1.7348606586456299,
      1.7469960451126099,
      1.7312955856323242,
      1.7261323928833008,
      1.692162036895752,
      1.7359027862548828,
      1.7561063766479492,
      1.7196788787841797,
      1.7734127044677734,
      1.7371726036071777,
      1.708796739578247,
      1.7621415853500366,
      1.7518049478530884,
      1.7731786966323853,
      1.7923383712768555,
      1.7470041513442993,
