{
  "config": {
    "run_name": "exp1_1_L16_K64",
    "out_dir": "./results",
    "seed": 42,
    "device": null,
    "bs_train": 1024,
    "bs_test": 256,
    "batches": 1000,
    "epochs": 10,
    "early_stopping": 1,
    "checkpoints": null,
    "lr": 0.001,
    "reg": 0.001,
    "filters_per_layer": [
      64
    ],
    "layers_per_block": 16,
    "pool_every": 4,
    "hidden_dims": [
      1024
    ],
    "kernel_size": 3,
    "stride": 1,
    "padding": 1,
    "pooling_size": 2,
    "pooling_type": "avg",
    "activation_type": "lrelu",
    "model_type": "cnn",
    "kw": {}
  },
  "results": {
    "num_epochs": 3,
    "train_loss": [
      2.302194595336914,
      2.3055269718170166,
      2.30265212059021,
      2.304335117340088,
      2.303272008895874,
      2.303382635116577,
      2.303523063659668,
      2.3044590950012207,
      2.303528308868408,
      2.3021466732025146,
      2.302696466445923,
      2.3032052516937256,
      2.303593635559082,
      2.303208589553833,
      2.3045551776885986,
      2.302372932434082,
      2.3034873008728027,
      2.302299737930298,
      2.3046791553497314,
      2.303464889526367,
      2.3017585277557373,
      2.3037848472595215,
      2.301345109939575,
      2.303072929382324,
      2.3024580478668213,
      2.3035848140716553,
      2.3030014038085938,
      2.3033251762390137,
      2.3008735179901123,
      2.3019118309020996,
      2.3026020526885986,
      2.303771495819092,
      2.3050546646118164,
      2.3029420375823975,
      2.302917003631592,
      2.3037075996398926,
      2.30407452583313,
      2.3026793003082275,
      2.3034279346466064,
      2.303431749343872,
      2.3024942874908447,
      2.303983211517334,
      2.3028666973114014,
      2.302945137023926,
      2.3025550842285156,
      2.3023550510406494,
      2.3028488159179688,
      2.3021132946014404,
      2.302236557006836,
      2.3040740489959717,
      2.303164005279541,
      2.302293300628662,
      2.303105354309082,
      2.3019931316375732,
      2.302363872528076,
      2.302640676498413,
      2.3035387992858887,
      2.3028640747070312,
      2.3024706840515137,
      2.3023569583892822,
      2.3024468421936035,
      2.3027992248535156,
      2.3026795387268066,
      2.3027117252349854,
      2.304023027420044,
      2.302365303039551,
      2.303126811981201,
      2.302112102508545,
      2.3040904998779297,
      2.3033721446990967,
      2.3017258644104004,
      2.3038172721862793,
      2.3023386001586914,
      2.3027851581573486,
      2.302992105484009,
      2.302764892578125,
      2.303281784057617,
      2.3040690422058105,
      2.3024301528930664,
      2.302450656890869,
      2.3028104305267334,
      2.3031342029571533,
      2.3043031692504883,
      2.302622079849243,
      2.3025617599487305,
      2.3031182289123535,
      2.3032639026641846,
      2.302361249923706,
      2.303253173828125,
      2.3032474517822266,
      2.3026065826416016,
      2.303438186645508,
      2.3027923107147217,
      2.302546501159668,
      2.3021090030670166,
      2.302060842514038,
      2.303044080734253,
      2.30214524269104,
      2.302654504776001,
      2.303799867630005,
      2.3031346797943115,
      2.3026492595672607,
      2.303086757659912,
      2.301790237426758,
      2.3028736114501953,
      2.3026528358459473,
      2.303783416748047,
      2.3033082485198975,
      2.3026130199432373,
      2.302832841873169,
      2.302694082260132,
      2.302529811859131,
      2.302680253982544,
      2.302730083465576,
      2.303694248199463,
      2.302685260772705,
      2.3028385639190674,
      2.302293539047241,
      2.303382635116577,
      2.303077220916748,
      2.3018531799316406,
      2.303316831588745,
      2.3027405738830566,
      2.302560567855835,
      2.3028671741485596,
      2.3024978637695312,
      2.303192615509033,
      2.304075241088867,
      2.303147554397583,
      2.302661895751953,
      2.303119659423828,
      2.3027665615081787,
      2.3037056922912598,
      2.302899122238159,
      2.3024919033050537,
      2.302837371826172,
      2.3027913570404053,
      2.3025429248809814,
      2.3029844760894775,
      2.302903890609741,
      2.3026692867279053,
      2.3028860092163086,
      2.3027656078338623,
      2.3025317192077637,
      2.3023648262023926,
      2.302189588546753,
      2.3030033111572266,
      2.3025128841400146,
      2.3027844429016113,
      2.3032426834106445,
      2.3028247356414795,
      2.302751302719116,
      2.3028719425201416,
      2.30208683013916,
      2.3029391765594482,
      2.302654504776001,
      2.3034369945526123,
      2.3032398223876953,
      2.302689790725708,
      2.30292010307312,
      2.3028078079223633,
      2.302476167678833,
      2.3026552200317383,
      2.3027119636535645,
      2.303351879119873,
      2.3027889728546143,
      2.302685499191284,
      2.3024699687957764,
      2.3029439449310303,
      2.302873134613037,
      2.3021390438079834,
      2.302914619445801,
      2.3028526306152344,
      2.3024771213531494,
      2.3027029037475586,
      2.30249285697937,
      2.302946090698242,
      2.303570508956909,
      2.3031609058380127,
      2.3026390075683594,
      2.303023338317871,
      2.3026671409606934,
      2.303187847137451,
      2.3029227256774902,
      2.3025214672088623,
      2.302692174911499,
      2.30267071723938,
      2.3026340007781982,
      2.302814245223999,
      2.3027124404907227,
      2.3026480674743652,
      2.3027334213256836,
      2.3027188777923584,
      2.3026163578033447,
      2.302511215209961,
      2.3023667335510254,
      2.302887439727783,
      2.3025994300842285,
      2.3027467727661133,
      2.302903413772583,
      2.3026788234710693,
      2.3027455806732178,
      2.302748680114746,
      2.30232834815979,
      2.302838087081909,
      2.302614688873291,
      2.3031301498413086,
      2.303025722503662,
      2.302639961242676,
      2.3028173446655273,
      2.3027637004852295,
      2.3025219440460205,
      2.3025991916656494,
      2.302650213241577,
      2.303126573562622,
      2.3027424812316895,
      2.302619457244873,
      2.30251407623291,
      2.302825689315796,
      2.302792549133301,
      2.302267551422119,
      2.3027760982513428,
      2.3028159141540527,
      2.3024628162384033,
      2.3026435375213623,
      2.302536725997925,
      2.3028416633605957,
      2.303344249725342,
      2.3030660152435303,
      2.3026044368743896,
      2.302933931350708,
      2.3026158809661865,
      2.3029935359954834,
      2.30289626121521,
      2.3025155067443848,
      2.3026325702667236,
      2.302621841430664,
      2.302680492401123,
      2.3027424812316895,
      2.3026270866394043,
      2.3026208877563477,
      2.3026533126831055,
      2.3026835918426514,
      2.302664041519165,
      2.302556037902832,
      2.302457332611084,
      2.3028218746185303,
      2.302600860595703,
      2.3026936054229736,
      2.3027501106262207
    ],
    "train_acc": [
      9.99,
      10.072,
      9.93,
      9.626,
      9.534
    ],