{
  "config": {
    "run_name": "exp1_2_L4_K256",
    "out_dir": "./results",
    "seed": 42,
    "device": null,
    "bs_train": 1024,
    "bs_test": 256,
    "batches": 1000,
    "epochs": 10,
    "early_stopping": 1,
    "checkpoints": null,
    "lr": 0.001,
    "reg": 0.001,
    "filters_per_layer": [
      256
    ],
    "layers_per_block": 4,
    "pool_every": 2,
    "hidden_dims": [
      1024
    ],
    "kernel_size": 3,
    "stride": 1,
    "padding": 1,
    "pooling_size": 2,
    "pooling_type": "avg",
    "activation_type": "lrelu",
    "model_type": "cnn",
    "kw": {}
  },
  "results": {
    "num_epochs": 3,
    "train_loss": [
      2.302785634994507,
      2.345445156097412,
      2.2923755645751953,
      2.2824268341064453,
      2.2642486095428467,
      2.2284035682678223,
      2.1930317878723145,
      2.165172815322876,
      2.2076072692871094,
      2.132894515991211,
      2.1473169326782227,
      2.075925350189209,
      2.0994186401367188,
      2.0598669052124023,
      2.043065071105957,
      2.0699985027313232,
      2.047520160675049,
      2.013307809829712,
      2.0432863235473633,
      1.9843649864196777,
      1.9580494165420532,
      1.951074242591858,
      1.9207686185836792,
      1.867245078086853,
      1.8682669401168823,
      1.8584184646606445,
      1.855918288230896,
      1.9117687940597534,
      1.8601685762405396,
      1.8568077087402344,
      1.8511384725570679,
      1.8573449850082397,
      1.8479483127593994,
      1.8397711515426636,
      1.7570371627807617,
      1.7648893594741821,
      1.7389360666275024,
      1.7795404195785522,
      1.738896131515503,
      1.764864444732666,
      1.7394614219665527,
      1.7433491945266724,
      1.7531217336654663,
      1.6923608779907227,
      1.7145544290542603,
      1.7145984172821045,
      1.678368330001831,
      1.6515377759933472,
      1.6885169744491577,
      1.6687965393066406,
      1.6472052335739136,
      1.6106117963790894,
      1.6607476472854614,
      1.6642831563949585,
      1.6284804344177246,
      1.672871708869934,
      1.5872206687927246,
      1.6612861156463623,
      1.6477121114730835,
      1.6660884618759155,
      1.6697043180465698,
      1.6318271160125732,
      1.6478946208953857,
      1.6100857257843018,
      1.6629024744033813,
      1.712116003036499,
      1.5505105257034302,
      1.5996229648590088,
      1.6034554243087769,
      1.6046773195266724,
      1.5782828330993652,
      1.5693880319595337,
      1.521813154220581,
      1.5188820362091064,
      1.5164804458618164,
      1.552157998085022,
      1.5096604824066162,
      1.550148606300354,
      1.5203778743743896,
      1.5653743743896484,
      1.5241161584854126,
      1.5465847253799438,
      1.5543967485427856,
      1.570125699043274,
      1.5182067155838013,
      1.5230205059051514,
      1.515872836112976,
      1.5576632022857666,
      1.5063645839691162,
      1.5327730178833008,
      1.5184199810028076,
      1.5182018280029297,
      1.5149643421173096,
      1.5222896337509155,
      1.52119779586792,
      1.4814202785491943,
      1.4767043590545654,
      1.4996819496154785,
      1.488316535949707,
      1.5005128383636475,
      1.4495198726654053,
      1.417850136756897,
      1.4874567985534668,
      1.5051900148391724,
      1.4720017910003662,
      1.5120105743408203,
      1.4283562898635864,
      1.4995535612106323,
      1.5197293758392334,
      1.483926773071289,
      1.4994288682937622,
      1.4833176136016846,
      1.5506349802017212,
      1.479682445526123,
      1.5548350811004639,
      1.5377072095870972,
      1.4450773000717163,
      1.4809786081314087,
      1.472412109375,
      1.496659755706787,
      1.453560471534729,
      1.462021827697754,
      1.4138151407241821,
      1.4173238277435303,
      1.396388053894043,
      1.4638080596923828,
      1.3916242122650146,
      1.470172643661499,
      1.4274859428405762,
      1.461190104484558,
      1.4493271112442017,
      1.4402492046356201,
      1.4869738817214966,
      1.4740732908248901,
      1.4230061769485474,
      1.4461253881454468,
      1.4320706129074097,
      1.477103352546692,
      1.4319016933441162,
      1.4526047706604004,
      1.4239081144332886,
      1.444879174232483,
      1.4344173669815063,
      1.4740543365478516,
      1.4616903066635132,
      1.3965469598770142,
      1.4036660194396973,
      1.4206689596176147,
      1.4149054288864136,
      1.4350191354751587,
      1.3686411380767822,
      1.3516205549240112,
      1.4083884954452515,
      1.4097248315811157,
      1.438008427619934,
      1.3970458507537842,
      1.3973861932754517,
      1.415546178817749,
      1.4172837734222412,
      1.4079341888427734,
      1.3935970067977905,
      1.4082298278808594,
      1.4471278190612793,
      1.3529924154281616,
      1.4520337581634521,
      1.4596881866455078,
      1.336418867111206,
      1.3931986093521118,
      1.416994333267212,
      1.3853251934051514,
      1.3980035781860352,
      1.3631017208099365,
      1.3416115045547485,
      1.327288031578064,
      1.328168511390686,
      1.387175440788269,
      1.3216814994812012,
      1.375702142715454,
      1.3546944856643677,
      1.3746832609176636,
      1.3645378351211548,
      1.3767688274383545,
      1.411824107170105,
      1.3985646963119507,
      1.3645811080932617,
      1.369813323020935,
      1.358849287033081,
      1.4107370376586914,
      1.3530397415161133,
      1.3825584650039673,
      1.3757115602493286,
      1.38132643699646,
      1.3768727779388428,
      1.4011844396591187,
      1.4028288125991821,
      1.3079628944396973,
      1.3358094692230225,
      1.334194302558899,
      1.3575435876846313,
      1.358034372329712,
      1.2883740663528442,
      1.2784072160720825,
      1.3438602685928345,
      1.34563410282135,
      1.354125738143921,
      1.3318785429000854,
      1.3238534927368164,
      1.3605690002441406,
      1.3681195974349976,
      1.3502750396728516,
      1.343343734741211,
      1.350420355796814,
      1.4002429246902466,
      1.307207465171814,
      1.4094923734664917,
      1.4026061296463013,
      1.3022260665893555,
      1.3558752536773682,
      1.3605587482452393,
      1.341192603111267,
      1.3448396921157837,
      1.3211477994918823,
      1.2946467399597168,
      1.2887442111968994,
      1.2744026184082031,
      1.3443809747695923,
      1.2539829015731812,
      1.3313547372817993,
      1.2762386798858643,
      1.3420530557632446,
      1.3115878105163574,
      1.3338230848312378,
      1.344305396080017,
      1.3517650365829468,
      1.3140686750411987,
      1.3018648624420166,
      1.3109482526779175,
      1.3479787111282349,
      1.3230302333831787,
      1.3295841217041016,
      1.336017370223999,
      1.3216699361801147,
      1.332210898399353,
      1.3397608995437622,
      1.3625736236572266,
      1.2566239833831787,
      1.2736581563949585,
      1.2798062562942505,
      1.313833475112915,
      1.290421485900879
    ],
    "train_acc": [
      30.168,
      44.152,
      48.188,
      50.922,
      52.912
    ],