{
  "config": {
    "run_name": "exp1_2_L2_K64",
    "out_dir": "./results",
    "seed": 42,
    "device": null,
    "bs_train": 1024,
    "bs_test": 256,
    "batches": 1000,
    "epochs": 10,
    "early_stopping": 1,
    "checkpoints": null,
    "lr": 0.001,
    "reg": 0.001,
    "filters_per_layer": [
      64
    ],
    "layers_per_block": 2,
    "pool_every": 2,
    "hidden_dims": [
      1024
    ],
    "kernel_size": 3,
    "stride": 1,
    "padding": 1,
    "pooling_size": 2,
    "pooling_type": "avg",
    "activation_type": "lrelu",
    "model_type": "cnn",
    "kw": {}
  },
  "results": {
    "num_epochs": 3,
    "train_loss": [
      2.304783821105957,
      3.0589351654052734,
      2.5623388290405273,
      2.4607605934143066,
      2.5136542320251465,
      2.432177782058716,
      2.356767416000366,
      2.2943882942199707,
      2.2438390254974365,
      2.2089765071868896,
      2.171079397201538,
      2.165722608566284,
      2.1311304569244385,
      2.116528272628784,
      2.110210418701172,
      2.0885190963745117,
      2.0669984817504883,
      2.0370657444000244,
      2.014437198638916,
      1.9911409616470337,
      1.985517978668213,
      1.9455845355987549,
      1.9658169746398926,
      1.89972722530365,
      1.9146397113800049,
      1.9108809232711792,
      1.9140523672103882,
      1.9224812984466553,
      1.909235954284668,
      1.9151438474655151,
      1.9000635147094727,
      1.9320074319839478,
      1.8782401084899902,
      1.892339825630188,
      1.8481673002243042,
      1.84794020652771,
      1.818057656288147,
      1.8633171319961548,
      1.834409475326538,
      1.8570091724395752,
      1.8313274383544922,
      1.8338098526000977,
      1.8283337354660034,
      1.771653413772583,
      1.7904610633850098,
      1.803572654724121,
      1.79105806350708,
      1.7576793432235718,
      1.8015782833099365,
      1.7827839851379395,
      1.7466703653335571,
      1.721073031425476,
      1.7467349767684937,
      1.7549567222595215,
      1.7291324138641357,
      1.7370734214782715,
      1.7007335424423218,
      1.7277625799179077,
      1.7414666414260864,
      1.7387813329696655,
      1.7833572626113892,
      1.7154407501220703,
      1.7398512363433838,
      1.735924243927002,
      1.7503386735916138,
      1.8069751262664795,
      1.6982394456863403,
      1.7318533658981323,
      1.7204197645187378,
      1.7001498937606812,
      1.6771087646484375,
      1.678766131401062,
      1.6864256858825684,
      1.6073825359344482,
      1.6415724754333496,
      1.665412187576294,
      1.6233018636703491,
      1.6725417375564575,
      1.6689326763153076,
      1.6732984781265259,
      1.6781553030014038,
      1.6793065071105957,
      1.6746355295181274,
      1.718582272529602,
      1.6373552083969116,
      1.6665059328079224,
      1.6322128772735596,
      1.6881225109100342,
      1.6304006576538086,
      1.6610463857650757,
      1.66951322555542,
      1.6454354524612427,
      1.6483346223831177,
      1.6319464445114136,
      1.6415356397628784,
      1.6445058584213257,
      1.6277097463607788,
      1.6070362329483032,
      1.6547869443893433,
      1.6348533630371094,
      1.5910108089447021,
      1.5648001432418823,
      1.6106994152069092,
      1.609104037284851,
      1.6106228828430176,
      1.6120139360427856,
      1.5500315427780151,
      1.6170810461044312,
      1.6194742918014526,
      1.5990099906921387,
      1.6618459224700928,
      1.5945863723754883,
      1.6477816104888916,
      1.617733120918274,
      1.6370933055877686,
      1.7057294845581055,
      1.570260763168335,
      1.6150977611541748,
      1.6120996475219727,
      1.61203932762146,
      1.5657877922058105,
      1.5692700147628784,
      1.5648448467254639,
      1.520421028137207,
      1.524667739868164,
      1.5811020135879517,
      1.5066181421279907,
      1.5805743932724,
      1.5633882284164429,
      1.576705813407898,
      1.5802782773971558,
      1.559317708015442,
      1.578204870223999,
      1.6526728868484497,
      1.562120795249939,
      1.5654070377349854,
      1.5616793632507324,
      1.5771996974945068,
      1.5408167839050293,
      1.5943856239318848,
      1.5647343397140503,
      1.5578199625015259,
      1.555940866470337,
      1.5520076751708984,
      1.5561087131500244,
      1.5341064929962158,
      1.5379676818847656,
      1.5318000316619873,
      1.5406067371368408,
      1.5411180257797241,
      1.5123610496520996,
      1.4676473140716553,
      1.5391744375228882,
      1.5106000900268555,
      1.5335233211517334,
      1.5345079898834229,
      1.4664486646652222,
      1.517687201499939,
      1.5403906106948853,
      1.5024698972702026,
      1.564334750175476,
      1.486854076385498,
      1.5753546953201294,
      1.526043176651001,
      1.5533782243728638,
      1.618447184562683,
      1.4818470478057861,
      1.5358991622924805,
      1.527227759361267,
      1.5240625143051147,
      1.4979448318481445,
      1.491081714630127,
      1.486645221710205,
      1.4464433193206787,
      1.4289613962173462,
      1.504941701889038,
      1.4246159791946411,
      1.5250314474105835,
      1.4935202598571777,
      1.506798505783081,
      1.5039708614349365,
      1.492740273475647,
      1.505262851715088,
      1.5893621444702148,
      1.5044960975646973,
      1.5041011571884155,
      1.5006555318832397,
      1.5200426578521729,
      1.4881588220596313,
      1.5439687967300415,
      1.5005403757095337,
      1.4944188594818115,
      1.5027400255203247,
      1.5035525560379028,
      1.4990102052688599,
      1.4665753841400146,
      1.4830139875411987,
      1.4662820100784302,
      1.4718196392059326,
      1.4786368608474731,
      1.4563294649124146,
      1.4208167791366577,
      1.4772287607192993,
      1.455564260482788,
      1.4792208671569824,
      1.492566704750061,
      1.4163644313812256,
      1.4689438343048096,
      1.4844199419021606,
      1.4526008367538452,
      1.5032398700714111,
      1.4361082315444946,
      1.5307408571243286,
      1.4684398174285889,
      1.4992315769195557,
      1.5700246095657349,
      1.4183884859085083,
      1.4883239269256592,
      1.4740450382232666,
      1.4813995361328125,
      1.4524266719818115,
      1.4423182010650635,
      1.4316074848175049,
      1.3967862129211426,
      1.375810146331787,
      1.4528279304504395,
      1.3737586736679077,
      1.4849433898925781,
      1.4342131614685059,
      1.4693396091461182,
      1.455409049987793,
      1.439630150794983,
      1.4635473489761353,
      1.5270652770996094,
      1.4455949068069458,
      1.4562790393829346,
      1.4497042894363403,
      1.4762561321258545,
      1.4466711282730103,
      1.4915425777435303,
      1.4493695497512817,
      1.4438867568969727,
      1.4626661539077759,
      1.4620451927185059,
      1.463221549987793,
      1.4061208963394165,
      1.4316253662109375,
      1.4227834939956665,
      1.4397960901260376,
      1.4263216257095337
    ],
    "train_acc": [
      28.686,
      40.56,
      44.216,
      46.646,
      48.504
    ],