{
  "config": {
    "run_name": "exp1_1_L8_K32",
    "out_dir": "./results",
    "seed": 42,
    "device": null,
    "bs_train": 1024,
    "bs_test": 256,
    "batches": 1000,
    "epochs": 10,
    "early_stopping": 1,
    "checkpoints": null,
    "lr": 0.001,
    "reg": 0.001,
    "filters_per_layer": [
      32
    ],
    "layers_per_block": 8,
    "pool_every": 2,
    "hidden_dims": [
      1024
    ],
    "kernel_size": 3,
    "stride": 1,
    "padding": 1,
    "pooling_size": 2,
    "pooling_type": "avg",
    "activation_type": "lrelu",
    "model_type": "cnn",
    "kw": {}
  },
  "results": {
    "num_epochs": 3,
    "train_loss": [
      2.3015501499176025,
      2.3057875633239746,
      2.302154064178467,
      2.3049259185791016,
      2.3029708862304688,
      2.304333209991455,
      2.3050849437713623,
      2.3052375316619873,
      2.3037760257720947,
      2.302736282348633,
      2.302541494369507,
      2.302767753601074,
      2.3037164211273193,
      2.3036229610443115,
      2.3048205375671387,
      2.302304983139038,
      2.3035199642181396,
      2.3024017810821533,
      2.3051066398620605,
      2.3035802841186523,
      2.30195689201355,
      2.3040244579315186,
      2.3007190227508545,
      2.3031888008117676,
      2.302647352218628,
      2.304506778717041,
      2.3030030727386475,
      2.303251266479492,
      2.3008010387420654,
      2.301792860031128,
      2.302460193634033,
      2.3039488792419434,
      2.3050975799560547,
      2.303001880645752,
      2.3032779693603516,
      2.3036277294158936,
      2.3042476177215576,
      2.3028275966644287,
      2.303295373916626,
      2.30367374420166,
      2.3026366233825684,
      2.304661273956299,
      2.30294132232666,
      2.3032405376434326,
      2.3029978275299072,
      2.302783966064453,
      2.3025872707366943,
      2.30230975151062,
      2.302088737487793,
      2.3042774200439453,
      2.303378105163574,
      2.3022713661193848,
      2.3036367893218994,
      2.302182912826538,
      2.302276372909546,
      2.302757501602173,
      2.3032748699188232,
      2.3026978969573975,
      2.302511215209961,
      2.3024771213531494,
      2.3021864891052246,
      2.3031911849975586,
      2.302717924118042,
      2.302686929702759,
      2.30410099029541,
      2.3021185398101807,
      2.303285837173462,
      2.302032232284546,
      2.3045339584350586,
      2.3035073280334473,
      2.302021026611328,
      2.3040878772735596,
      2.301804780960083,
      2.3032219409942627,
      2.3030028343200684,
      2.3031258583068848,
      2.3033459186553955,
      2.303696632385254,
      2.3015224933624268,
      2.3022286891937256,
      2.302389621734619,
      2.303842782974243,
      2.3048295974731445,
      2.3024606704711914,
      2.3029630184173584,
      2.3034424781799316,
      2.3038973808288574,
      2.30228328704834,
      2.3034892082214355,
      2.3035972118377686,
      2.302649736404419,
      2.3040454387664795,
      2.3028056621551514,
      2.3026530742645264,
      2.302156448364258,
      2.302198648452759,
      2.3028526306152344,
      2.3019864559173584,
      2.3023993968963623,
      2.304124355316162,
      2.3033761978149414,
      2.302398204803467,
      2.3033640384674072,
      2.301727771759033,
      2.3025002479553223,
      2.3027350902557373,
      2.3036646842956543,
      2.3030388355255127,
      2.302586555480957,
      2.302551031112671,
      2.302327871322632,
      2.3028547763824463,
      2.302788257598877,
      2.3028182983398438,
      2.304002046585083,
      2.3023486137390137,
      2.3032350540161133,
      2.3021459579467773,
      2.3040342330932617,
      2.3034327030181885,
      2.3017427921295166,
      2.3040122985839844,
      2.302283525466919,
      2.3029072284698486,
      2.303076982498169,
      2.3027474880218506,
      2.3034396171569824,
      2.304137706756592,
      2.302354574203491,
      2.302457094192505,
      2.302764654159546,
      2.3032705783843994,
      2.304469585418701,
      2.3025577068328857,
      2.302685022354126,
      2.3031439781188965,
      2.3033807277679443,
      2.3022522926330566,
      2.3033108711242676,
      2.3034121990203857,
      2.302680015563965,
      2.303468942642212,
      2.302835702896118,
      2.3024179935455322,
      2.301971673965454,
      2.3020100593566895,
      2.303069591522217,
      2.3021609783172607,
      2.3027477264404297,
      2.3039088249206543,
      2.3032658100128174,
      2.302666664123535,
      2.3032476902008057,
      2.301696300506592,
      2.302915334701538,
      2.3027541637420654,
      2.303825616836548,
      2.303379774093628,
      2.302715301513672,
      2.302931547164917,
      2.3025784492492676,
      2.302535057067871,
      2.302799940109253,
      2.3028790950775146,
      2.3037168979644775,
      2.3026180267333984,
      2.302988052368164,
      2.3023531436920166,
      2.303309679031372,
      2.303179979324341,
      2.3017590045928955,
      2.3036060333251953,
      2.302675485610962,
      2.3026340007781982,
      2.3029990196228027,
      2.302452802658081,
      2.3033413887023926,
      2.304044008255005,
      2.3030319213867188,
      2.3026909828186035,
      2.303097724914551,
      2.302921772003174,
      2.3037631511688232,
      2.3027305603027344,
      2.3026022911071777,
      2.302952766418457,
      2.3029513359069824,
      2.3023841381073,
      2.303011655807495,
      2.303091287612915,
      2.302670478820801,
      2.3029797077178955,
      2.3028173446655273,
      2.3023619651794434,
      2.302187204360962,
      2.302090644836426,
      2.3030929565429688,
      2.302488327026367,
      2.302891254425049,
      2.303452730178833,
      2.3029592037200928,
      2.3027963638305664,
      2.3030264377593994,
      2.302020788192749,
      2.303030252456665,
      2.3027281761169434,
      2.303560972213745,
      2.3033485412597656,
      2.3027470111846924,
      2.3030738830566406,
      2.3027234077453613,
      2.302462577819824,
      2.3027596473693848,
      2.3028340339660645,
      2.3033158779144287,
      2.3027613162994385,
      2.302764892578125,
      2.302534818649292,
      2.3028628826141357,
      2.3029143810272217,
      2.3020131587982178,
      2.303149700164795,
      2.302738904953003,
      2.3025646209716797,
      2.3028194904327393,
      2.3023998737335205,
      2.3031280040740967,
      2.3035902976989746,
      2.3030591011047363,
      2.3027091026306152,
      2.303072690963745,
      2.3028340339660645,
      2.3032586574554443,
      2.3027608394622803,
      2.302593946456909,
      2.302854299545288,
      2.302778959274292,
      2.3024868965148926,
      2.302826404571533,
      2.3028745651245117,
      2.302644729614258,
      2.3027851581573486,
      2.30275559425354,
      2.302405834197998,
      2.3023953437805176,
      2.302248954772949,
      2.3029775619506836,
      2.302626848220825,
      2.302849292755127,
      2.303121566772461
    ],
    "train_acc": [
      10.078,
      10.106,
      10.034,
      9.886,
      9.874
    ],