{
  "config": {
    "run_name": "exp1_2_L2_K128",
    "out_dir": "./results",
    "seed": 42,
    "device": null,
    "bs_train": 1024,
    "bs_test": 256,
    "batches": 1000,
    "epochs": 10,
    "early_stopping": 1,
    "checkpoints": null,
    "lr": 0.001,
    "reg": 0.001,
    "filters_per_layer": [
      128
    ],
    "layers_per_block": 2,
    "pool_every": 2,
    "hidden_dims": [
      1024
    ],
    "kernel_size": 3,
    "stride": 1,
    "padding": 1,
    "pooling_size": 2,
    "pooling_type": "avg",
    "activation_type": "lrelu",
    "model_type": "cnn",
    "kw": {}
  },
  "results": {
    "num_epochs": 3,
    "train_loss": [
      2.302680253982544,
      4.877302646636963,
      3.835864543914795,
      3.593270778656006,
      3.1644480228424072,
      3.0435221195220947,
      2.9237465858459473,
      2.574657440185547,
      2.3792545795440674,
      2.3107049465179443,
      2.2466185092926025,
      2.221579074859619,
      2.1889708042144775,
      2.1780166625976562,
      2.1379315853118896,
      2.116132974624634,
      2.092369318008423,
      2.0616371631622314,
      2.036752700805664,
      2.0027272701263428,
      1.9634835720062256,
      1.9538365602493286,
      1.9330168962478638,
      1.9015486240386963,
      1.8890429735183716,
      1.9113141298294067,
      1.873903751373291,
      1.8961083889007568,
      1.8927533626556396,
      1.8929219245910645,
      1.8620537519454956,
      1.886191964149475,
      1.8522429466247559,
      1.8881292343139648,
      1.8126575946807861,
      1.8126838207244873,
      1.77095365524292,
      1.809518814086914,
      1.791512131690979,
      1.8185694217681885,
      1.7922024726867676,
      1.782698392868042,
      1.7772823572158813,
      1.7221341133117676,
      1.7406991720199585,
      1.7555311918258667,
      1.7273472547531128,
      1.7025281190872192,
      1.7658356428146362,
      1.7419987916946411,
      1.6891156435012817,
      1.6707377433776855,
      1.703989863395691,
      1.6964448690414429,
      1.6884673833847046,
      1.6958855390548706,
      1.6408307552337646,
      1.671514630317688,
      1.6856544017791748,
      1.6754010915756226,
      1.7393102645874023,
      1.6559443473815918,
      1.6968693733215332,
      1.6744940280914307,
      1.6842594146728516,
      1.751407265663147,
      1.6274142265319824,
      1.6790564060211182,
      1.6566506624221802,
      1.6687992811203003,
      1.634383201599121,
      1.6181436777114868,
      1.6147665977478027,
      1.5843137502670288,
      1.5742939710617065,
      1.600027322769165,
      1.5537562370300293,
      1.6578947305679321,
      1.6114853620529175,
      1.6138924360275269,
      1.6238081455230713,
      1.62531316280365,
      1.618884801864624,
      1.6680264472961426,
      1.5957895517349243,
      1.5997917652130127,
      1.5838695764541626,
      1.624297022819519,
      1.5808312892913818,
      1.6067299842834473,
      1.5991090536117554,
      1.595936894416809,
      1.5866739749908447,
      1.5870096683502197,
      1.6019201278686523,
      1.5586661100387573,
      1.5788840055465698,
      1.5560051202774048,
      1.5903904438018799,
      1.5633313655853271,
      1.5555459260940552,
      1.5057309865951538,
      1.5762758255004883,
      1.5469037294387817,
      1.5925366878509521,
      1.5546714067459106,
      1.5140432119369507,
      1.5421805381774902,
      1.5782238245010376,
      1.5387470722198486,
      1.578338384628296,
      1.5057857036590576,
      1.5984773635864258,
      1.5419073104858398,
      1.5627713203430176,
      1.6387825012207031,
      1.4972052574157715,
      1.5651503801345825,
      1.5382834672927856,
      1.5585952997207642,
      1.5358688831329346,
      1.513000726699829,
      1.499719500541687,
      1.4754455089569092,
      1.4597293138504028,
      1.5142779350280762,
      1.4498311281204224,
      1.5498732328414917,
      1.4985628128051758,
      1.5151722431182861,
      1.509549856185913,
      1.5244630575180054,
      1.5188450813293457,
      1.5583796501159668,
      1.5079845190048218,
      1.5014145374298096,
      1.500108242034912,
      1.5292237997055054,
      1.5001236200332642,
      1.5310102701187134,
      1.5077621936798096,
      1.509857416152954,
      1.4978735446929932,
      1.5116499662399292,
      1.5075840950012207,
      1.451076865196228,
      1.479744553565979,
      1.4686989784240723,
      1.507298231124878,
      1.4722950458526611,
      1.4548072814941406,
      1.4127957820892334,
      1.4782809019088745,
      1.4658294916152954,
      1.505794644355774,
      1.4803844690322876,
      1.421034812927246,
      1.4841493368148804,
      1.4875304698944092,
      1.4660968780517578,
      1.4806944131851196,
      1.445046067237854,
      1.5224539041519165,
      1.4529521465301514,
      1.5054866075515747,
      1.546323299407959,
      1.4126888513565063,
      1.4927419424057007,
      1.4713155031204224,
      1.4812588691711426,
      1.4581493139266968,
      1.4351917505264282,
      1.4301753044128418,
      1.4016534090042114,
      1.3698188066482544,
      1.4502770900726318,
      1.3889777660369873,
      1.4783523082733154,
      1.4406077861785889,
      1.4559406042099,
      1.4521135091781616,
      1.4398144483566284,
      1.478144645690918,
      1.4908212423324585,
      1.4415498971939087,
      1.4457383155822754,
      1.446645736694336,
      1.4683382511138916,
      1.455160140991211,
      1.4626091718673706,
      1.4535936117172241,
      1.4485265016555786,
      1.4457308053970337,
      1.467041254043579,
      1.4435112476348877,
      1.3908332586288452,
      1.4197546243667603,
      1.4069416522979736,
      1.4484708309173584,
      1.4163676500320435,
      1.3862364292144775,
      1.368813157081604,
      1.4164223670959473,
      1.4004019498825073,
      1.4381862878799438,
      1.4186733961105347,
      1.3553755283355713,
      1.4287351369857788,
      1.4301725625991821,
      1.4019122123718262,
      1.4192696809768677,
      1.3871798515319824,
      1.4770450592041016,
      1.3912822008132935,
      1.4476661682128906,
      1.4828518629074097,
      1.3533271551132202,
      1.422531008720398,
      1.420074701309204,
      1.4222400188446045,
      1.416364312171936,
      1.379369854927063,
      1.3722962141036987,
      1.3496025800704956,
      1.320713758468628,
      1.4093719720840454,
      1.3414231538772583,
      1.4145437479019165,
      1.3915590047836304,
      1.4032868146896362,
      1.4084205627441406,
      1.3959513902664185,
      1.4234825372695923,
      1.44701087474823,
      1.3988463878631592,
      1.4040024280548096,
      1.3957034349441528,
      1.4204856157302856,
      1.4090605974197388,
      1.409741997718811,
      1.418758749961853,
      1.4041991233825684,
      1.4068753719329834,
      1.4138246774673462,
      1.4010531902313232,
      1.3450578451156616,
      1.3609082698822021,
      1.369196891784668,
      1.400787353515625,
      1.3725461959838867
    ],
    "train_acc": [
      28.054,
      42.178,
      45.894,
      48.542,
      50.544
    ],