{
  "config": {
    "run_name": "exp1_2_L2_K256",
    "out_dir": "./results",
    "seed": 42,
    "device": null,
    "bs_train": 1024,
    "bs_test": 256,
    "batches": 1000,
    "epochs": 10,
    "early_stopping": 1,
    "checkpoints": null,
    "lr": 0.001,
    "reg": 0.001,
    "filters_per_layer": [
      256
    ],
    "layers_per_block": 2,
    "pool_every": 2,
    "hidden_dims": [
      1024
    ],
    "kernel_size": 3,
    "stride": 1,
    "padding": 1,
    "pooling_size": 2,
    "pooling_type": "avg",
    "activation_type": "lrelu",
    "model_type": "cnn",
    "kw": {}
  },
  "results": {
    "num_epochs": 3,
    "train_loss": [
      2.303131341934204,
      9.541089057922363,
      6.307926177978516,
      5.002507209777832,
      4.51871919631958,
      3.422586441040039,
      2.4897189140319824,
      4.516787528991699,
      2.5209860801696777,
      2.383176326751709,
      2.3083083629608154,
      2.2958645820617676,
      2.34690523147583,
      2.303399085998535,
      2.261852979660034,
      2.2299516201019287,
      2.2225427627563477,
      2.190009355545044,
      2.1842923164367676,
      2.1588735580444336,
      2.1405715942382812,
      2.1209347248077393,
      2.1085917949676514,
      2.0463736057281494,
      2.059216260910034,
      2.024838447570801,
      2.0073013305664062,
      2.013875722885132,
      2.0082154273986816,
      1.9680685997009277,
      1.967037320137024,
      1.9845972061157227,
      1.9387452602386475,
      1.9503358602523804,
      1.892113447189331,
      1.898565411567688,
      1.8474900722503662,
      1.9175294637680054,
      1.8568052053451538,
      1.8837642669677734,
      1.858155369758606,
      1.8394479751586914,
      1.8385032415390015,
      1.7952836751937866,
      1.8200973272323608,
      1.8123809099197388,
      1.7885849475860596,
      1.758419156074524,
      1.8024252653121948,
      1.7826107740402222,
      1.7355233430862427,
      1.7174001932144165,
      1.7479124069213867,
      1.7526689767837524,
      1.7310094833374023,
      1.7254093885421753,
      1.689077615737915,
      1.707585334777832,
      1.7331384420394897,
      1.7260082960128784,
      1.7788447141647339,
      1.6976460218429565,
      1.7290496826171875,
      1.7182923555374146,
      1.7192405462265015,
      1.7736036777496338,
      1.7009291648864746,
      1.692642092704773,
      1.6877411603927612,
      1.670519232749939,
      1.658022165298462,
      1.6505175828933716,
      1.677393913269043,
      1.5948933362960815,
      1.6069852113723755,
      1.6483222246170044,
      1.5965919494628906,
      1.6423436403274536,
      1.6406279802322388,
      1.6430203914642334,
      1.6283904314041138,
      1.6297162771224976,
      1.6533538103103638,
      1.660199761390686,
      1.600287914276123,
      1.5960758924484253,
      1.5912410020828247,
      1.626296877861023,
      1.5964000225067139,
      1.629879355430603,
      1.6054743528366089,
      1.6090445518493652,
      1.5913804769515991,
      1.587973952293396,
      1.60459303855896,
      1.5867202281951904,
      1.5810554027557373,
      1.562456488609314,
      1.5953432321548462,
      1.5954684019088745,
      1.5492804050445557,
      1.521239995956421,
      1.5580464601516724,
      1.5576815605163574,
      1.5946563482284546,
      1.567015290260315,
      1.5110955238342285,
      1.55427885055542,
      1.5876874923706055,
      1.5456489324569702,
      1.6010589599609375,
      1.543379783630371,
      1.5958865880966187,
      1.5675104856491089,
      1.5921027660369873,
      1.6479536294937134,
      1.5107734203338623,
      1.589423656463623,
      1.5391697883605957,
      1.583817481994629,
      1.530551791191101,
      1.5241526365280151,
      1.52297043800354,
      1.4857854843139648,
      1.4670703411102295,
      1.5295838117599487,
      1.4524990320205688,
      1.5448353290557861,
      1.5067138671875,
      1.5156209468841553,
      1.522152304649353,
      1.5026532411575317,
      1.5172737836837769,
      1.5733659267425537,
      1.4995226860046387,
      1.5018717050552368,
      1.4990973472595215,
      1.5189660787582397,
      1.4981093406677246,
      1.541235327720642,
      1.4960988759994507,
      1.509353756904602,
      1.499943733215332,
      1.5188922882080078,
      1.5104143619537354,
      1.4847121238708496,
      1.4838048219680786,
      1.479271411895752,
      1.4916363954544067,
      1.4901355504989624,
      1.4625898599624634,
      1.427166223526001,
      1.469765067100525,
      1.4688234329223633,
      1.5155324935913086,
      1.4786887168884277,
      1.4324604272842407,
      1.4788033962249756,
      1.4985400438308716,
      1.4579150676727295,
      1.5023949146270752,
      1.4420933723449707,
      1.5223199129104614,
      1.488340139389038,
      1.5178240537643433,
      1.5557949542999268,
      1.4494673013687134,
      1.5122430324554443,
      1.473690152168274,
      1.5208607912063599,
      1.452675700187683,
      1.464866042137146,
      1.4536155462265015,
      1.4212267398834229,
      1.4020863771438599,
      1.4574849605560303,
      1.3988085985183716,
      1.4951510429382324,
      1.4349420070648193,
      1.4581613540649414,
      1.4604618549346924,
      1.4409892559051514,
      1.4521199464797974,
      1.5134176015853882,
      1.4380261898040771,
      1.448047161102295,
      1.451452374458313,
      1.4693704843521118,
      1.4354151487350464,
      1.4828267097473145,
      1.4442970752716064,
      1.4485050439834595,
      1.4532514810562134,
      1.4711072444915771,
      1.4482355117797852,
      1.4156183004379272,
      1.4349793195724487,
      1.4180370569229126,
      1.434264898300171,
      1.419540286064148,
      1.406733751296997,
      1.3670742511749268,
      1.4100608825683594,
      1.4150371551513672,
      1.4603850841522217,
      1.4303109645843506,
      1.3763132095336914,
      1.429577112197876,
      1.4388282299041748,
      1.4148869514465332,
      1.450193166732788,
      1.3960785865783691,
      1.4855475425720215,
      1.4279813766479492,
      1.477455496788025,
      1.510542631149292,
      1.3910596370697021,
      1.4711498022079468,
      1.4201802015304565,
      1.46501886844635,
      1.3980025053024292,
      1.403857707977295,
      1.3889371156692505,
      1.3626312017440796,
      1.3384685516357422,
      1.4054231643676758,
      1.3337148427963257,
      1.4437843561172485,
      1.3758206367492676,
      1.4121910333633423,
      1.402606725692749,
      1.3927119970321655,
      1.4082492589950562,
      1.46341872215271,
      1.383176565170288,
      1.4039793014526367,
      1.4076358079910278,
      1.4171149730682373,
      1.3872088193893433,
      1.43485689163208,
      1.3924907445907593,
      1.3960213661193848,
      1.4049464464187622,
      1.4231665134429932,
      1.4050321578979492,
      1.3556063175201416,
      1.374822735786438,
      1.3640198707580566,
      1.3892265558242798,
      1.362318992614746
    ],
    "train_acc": [
      25.37,
      41.27,
      45.69,
      48.162,
      50.232
    ],