{
  "config": {
    "run_name": "exp1_2_L2_K32",
    "out_dir": "./results",
    "seed": 42,
    "device": null,
    "bs_train": 1024,
    "bs_test": 256,
    "batches": 1000,
    "epochs": 10,
    "early_stopping": 1,
    "checkpoints": null,
    "lr": 0.001,
    "reg": 0.001,
    "filters_per_layer": [
      32
    ],
    "layers_per_block": 2,
    "pool_every": 2,
    "hidden_dims": [
      1024
    ],
    "kernel_size": 3,
    "stride": 1,
    "padding": 1,
    "pooling_size": 2,
    "pooling_type": "avg",
    "activation_type": "lrelu",
    "model_type": "cnn",
    "kw": {}
  },
  "results": {
    "num_epochs": 3,
    "train_loss": [
      2.301496744155884,
      2.513793468475342,
      2.33686900138855,
      2.3951821327209473,
      2.3106586933135986,
      2.2683839797973633,
      2.264930248260498,
      2.2643802165985107,
      2.278958320617676,
      2.2284398078918457,
      2.20089054107666,
      2.1860952377319336,
      2.171173095703125,
      2.1636884212493896,
      2.156646966934204,
      2.1418888568878174,
      2.1358911991119385,
      2.1192352771759033,
      2.106710910797119,
      2.0846548080444336,
      2.0744895935058594,
      2.047870635986328,
      2.058715581893921,
      1.9922962188720703,
      2.0199882984161377,
      2.0005459785461426,
      1.9933295249938965,
      1.9900579452514648,
      2.0142252445220947,
      1.9961367845535278,
      1.978621006011963,
      2.0065343379974365,
      1.9589275121688843,
      1.965783953666687,
      1.9373682737350464,
      1.9320292472839355,
      1.9189177751541138,
      1.9601471424102783,
      1.9233763217926025,
      1.9390913248062134,
      1.9318041801452637,
      1.9235384464263916,
      1.9173215627670288,
      1.8711235523223877,
      1.8820886611938477,
      1.906516671180725,
      1.8691853284835815,
      1.8489935398101807,
      1.890133261680603,
      1.863284945487976,
      1.8328208923339844,
      1.82404625415802,
      1.851257085800171,
      1.8467109203338623,
      1.82502019405365,
      1.844359278678894,
      1.817960262298584,
      1.8299229145050049,
      1.8325194120407104,
      1.8495925664901733,
      1.8842047452926636,
      1.8447552919387817,
      1.829886794090271,
      1.8531914949417114,
      1.8569223880767822,
      1.8877097368240356,
      1.8239631652832031,
      1.8334094285964966,
      1.826338768005371,
      1.7924591302871704,
      1.814850926399231,
      1.782314419746399,
      1.8234015703201294,
      1.725224494934082,
      1.7603286504745483,
      1.7722115516662598,
      1.7562546730041504,
      1.7993227243423462,
      1.7738279104232788,
      1.7917354106903076,
      1.788016676902771,
      1.8087481260299683,
      1.7962254285812378,
      1.830680012702942,
      1.7590925693511963,
      1.7620840072631836,
      1.7410531044006348,
      1.7974656820297241,
      1.7511385679244995,
      1.7774341106414795,
      1.7826546430587769,
      1.7634532451629639,
      1.7668148279190063,
      1.7309067249298096,
      1.7506014108657837,
      1.7703343629837036,
      1.7287144660949707,
      1.7226711511611938,
      1.7754600048065186,
      1.7371807098388672,
      1.7025651931762695,
      1.7018836736679077,
      1.7161146402359009,
      1.7310731410980225,
      1.7048274278640747,
      1.738234519958496,
      1.6834083795547485,
      1.70042085647583,
      1.7204489707946777,
      1.732394814491272,
      1.7821955680847168,
      1.7165237665176392,
      1.7503184080123901,
      1.720080852508545,
      1.7346495389938354,
      1.788041114807129,
      1.6898258924484253,
      1.707427740097046,
      1.7161942720413208,
      1.6947245597839355,
      1.6926509141921997,
      1.6790673732757568,
      1.6881881952285767,
      1.6398082971572876,
      1.6451566219329834,
      1.6732388734817505,
      1.6430600881576538,
      1.7219045162200928,
      1.673097848892212,
      1.686694860458374,
      1.6955326795578003,
      1.7124792337417603,
      1.6913065910339355,
      1.7463032007217407,
      1.671381950378418,
      1.6762256622314453,
      1.6378891468048096,
      1.7029924392700195,
      1.6691515445709229,
      1.6893123388290405,
      1.6863256692886353,
      1.691765546798706,
      1.6834986209869385,
      1.6448177099227905,
      1.6833710670471191,
      1.6763570308685303,
      1.6553165912628174,
      1.6405543088912964,
      1.6698131561279297,
      1.6823447942733765,
      1.6158808469772339,
      1.5902063846588135,
      1.6308783292770386,
      1.654107689857483,
      1.6399519443511963,
      1.6485865116119385,
      1.5924993753433228,
      1.633420705795288,
      1.6416743993759155,
      1.635966181755066,
      1.7241549491882324,
      1.6295764446258545,
      1.6758290529251099,
      1.6345871686935425,
      1.6478606462478638,
      1.708860993385315,
      1.611433744430542,
      1.6160098314285278,
      1.6257104873657227,
      1.6254675388336182,
      1.6185921430587769,
      1.607243299484253,
      1.6201955080032349,
      1.5530961751937866,
      1.5523632764816284,
      1.623268485069275,
      1.5469292402267456,
      1.6317743062973022,
      1.607608675956726,
      1.6001709699630737,
      1.6143927574157715,
      1.6147059202194214,
      1.6135728359222412,
      1.6716750860214233,
      1.6037909984588623,
      1.5971851348876953,
      1.5769740343093872,
      1.621089220046997,
      1.5903817415237427,
      1.6235666275024414,
      1.6146066188812256,
      1.6157046556472778,
      1.6002719402313232,
      1.5848232507705688,
      1.6197344064712524,
      1.5953552722930908,
      1.5810707807540894,
      1.574775218963623,
      1.6193945407867432,
      1.6018574237823486,
      1.5515344142913818,
      1.536050796508789,
      1.5745378732681274,
      1.5901198387145996,
      1.5779802799224854,
      1.6070598363876343,
      1.5249695777893066,
      1.5818222761154175,
      1.5927138328552246,
      1.5746362209320068,
      1.6575058698654175,
      1.572112798690796,
      1.6336477994918823,
      1.5700547695159912,
      1.603184700012207,
      1.6605099439620972,
      1.542966365814209,
      1.5671780109405518,
      1.5736843347549438,
      1.5712124109268188,
      1.562591791152954,
      1.5505564212799072,
      1.5419138669967651,
      1.501846432685852,
      1.4933775663375854,
      1.5599451065063477,
      1.4876691102981567,
      1.5799633264541626,
      1.5392780303955078,
      1.5430245399475098,
      1.5649889707565308,
      1.5536171197891235,
      1.557680606842041,
      1.6223514080047607,
      1.5570247173309326,
      1.5370676517486572,
      1.5330950021743774,
      1.5696724653244019,
      1.5451215505599976,
      1.5741127729415894,
      1.5645692348480225,
      1.5663520097732544,
      1.5551856756210327,
      1.5401678085327148,
      1.5746734142303467,
      1.534450888633728,
      1.5381757020950317,
      1.5213662385940552,
      1.575015664100647,
      1.5484730005264282
    ],
    "train_acc": [
      25.79,
      36.57,
      39.89,
      42.778,
      44.64
    ],