{
  "config": {
    "run_name": "exp1_4_L8_K32",
    "out_dir": "./results",
    "seed": 42,
    "device": null,
    "bs_train": 1024,
    "bs_test": 256,
    "batches": 1000,
    "epochs": 10,
    "early_stopping": 2,
    "checkpoints": null,
    "lr": 0.001,
    "reg": 0.001,
    "filters_per_layer": [
      32
    ],
    "layers_per_block": 8,
    "pool_every": 5,
    "hidden_dims": [
      1024
    ],
    "pooling_kernel_size": 3,
    "stride": 1,
    "padding": 6,
    "pooling_size": 2,
    "pooling_type": "avg",
    "activation_type": "lrelu",
    "model_type": "resnet",
    "kw": {}
  },
  "results": {
    "num_epochs": 5,
    "train_loss": [
      2.2988038063049316,
      2.2905287742614746,
      2.267890214920044,
      2.2579469680786133,
      2.2436728477478027,
      2.2313289642333984,
      2.233328342437744,
      2.2028708457946777,
      2.1812918186187744,
      2.1747324466705322,
      2.151655435562134,
      2.132020950317383,
      2.102818012237549,
      2.0773048400878906,
      2.0988645553588867,
      2.0927062034606934,
      2.0663774013519287,
      2.0800766944885254,
      2.0631043910980225,
      2.028815269470215,
      1.9876492023468018,
      1.9968504905700684,
      1.9893786907196045,
      1.9607453346252441,
      1.9735047817230225,
      1.9871068000793457,
      1.9654213190078735,
      1.9792782068252563,
      1.9908323287963867,
      1.969364881515503,
      1.9687563180923462,
      1.983536720275879,
      1.9640368223190308,
      1.9437214136123657,
      1.9350805282592773,
      1.907227635383606,
      1.8996624946594238,
      1.9565224647521973,
      1.9329314231872559,
      1.9286448955535889,
      1.9302974939346313,
      1.9151742458343506,
      1.9001977443695068,
      1.8668701648712158,
      1.8898314237594604,
      1.8800785541534424,
      1.868455410003662,
      1.839732050895691,
      1.8738646507263184,
      1.864731788635254,
      1.8424162864685059,
      1.826358437538147,
      1.8347986936569214,
      1.8449673652648926,
      1.791972041130066,
      1.8218586444854736,
      1.800394058227539,
      1.8035788536071777,
      1.7997688055038452,
      1.8051408529281616,
      1.7948662042617798,
      1.7883036136627197,
      1.7693825960159302,
      1.776544213294983,
      1.7985353469848633,
      1.8157609701156616,
      1.7501472234725952,
      1.7395224571228027,
      1.7651629447937012,
      1.7307041883468628,
      1.7348803281784058,
      1.7078003883361816,
      1.6854182481765747,
      1.6551915407180786,
      1.7249383926391602,
      1.6935739517211914,
      1.66749906539917,
      1.7151590585708618,
      1.6543956995010376,
      1.6445449590682983,
      1.7245553731918335,
      1.7164278030395508,
      1.7038328647613525,
      1.7281677722930908,
      1.6542479991912842,
      1.6610323190689087,
      1.6972543001174927,
      1.6944886445999146,
      1.7228219509124756,
      1.7295171022415161,
      1.6637219190597534,
      1.683337688446045,
      1.6737297773361206,
      1.6690222024917603,
      1.6749681234359741,
      1.647486686706543,
      1.6563196182250977,
      1.6222116947174072,
      1.6650185585021973,
      1.6026278734207153,
      1.6245583295822144,
      1.5810961723327637,
      1.6637364625930786,
      1.6203172206878662,
      1.6125693321228027,
      1.6260273456573486,
      1.6000009775161743,
      1.6477980613708496,
      1.632267951965332,
      1.6260404586791992,
      1.6386597156524658,
      1.6091574430465698,
      1.6253360509872437,
      1.595503330230713,
      1.6476430892944336,
      1.6835424900054932,
      1.5610140562057495,
      1.5846399068832397,
      1.5829025506973267,
      1.575708031654358,
      1.6056997776031494,
      1.5677963495254517,
      1.537790298461914,
      1.5268340110778809,
      1.5325688123703003,
      1.5701148509979248,
      1.563474178314209,
      1.5957332849502563,
      1.5264990329742432,
      1.5692017078399658,
      1.5928633213043213,
      1.6136789321899414,
      1.6091041564941406,
      1.6392511129379272,
      1.5583710670471191,
      1.5508902072906494,
      1.5500291585922241,
      1.5838721990585327,
      1.5990417003631592,
      1.5686782598495483,
      1.5618056058883667,
      1.546002984046936,
      1.5823554992675781,
      1.555225133895874,
      1.5994253158569336,
      1.5185800790786743,
      1.535664439201355,
      1.5410571098327637,
      1.5764633417129517,
      1.5015426874160767,
      1.619803786277771,
      1.541861891746521,
      1.5680662393569946,
      1.5681390762329102,
      1.5294851064682007,
      1.5492838621139526,
      1.5296512842178345,
      1.5714101791381836,
      1.5585557222366333,
      1.541358232498169,
      1.5602880716323853,
      1.5398588180541992,
      1.5529955625534058,
      1.5350676774978638,
      1.586470127105713,
      1.6240038871765137,
      1.4866725206375122,
      1.5105950832366943,
      1.5216422080993652,
      1.503235936164856,
      1.5323705673217773,
      1.5073045492172241,
      1.4572631120681763,
      1.4902925491333008,
      1.4499163627624512,
      1.525514841079712,
      1.508152723312378,
      1.527801513671875,
      1.4745137691497803,
      1.4737672805786133,
      1.508689284324646,
      1.5222885608673096,
      1.5555907487869263,
      1.5749759674072266,
      1.4840989112854004,
      1.5075656175613403,
      1.4963077306747437,
      1.5304558277130127,
      1.5294089317321777,
      1.5131585597991943,
      1.513364315032959,
      1.5021746158599854,
      1.5296019315719604,
      1.527293086051941,
      1.5277701616287231,
      1.46034574508667,
      1.4766508340835571,
      1.4989633560180664,
      1.5209511518478394,
      1.4550178050994873,
      1.450370192527771,
      1.4168227910995483,
      1.500773310661316,
      1.489540696144104,
      1.4298256635665894,
      1.4932124614715576,
      1.4246652126312256,
      1.530447006225586,
      1.4937822818756104,
      1.4853450059890747,
      1.514546513557434,
      1.5107377767562866,
      1.5091755390167236,
      1.4771894216537476,
      1.5196363925933838,
      1.599499225616455,
      1.4284188747406006,
      1.465220332145691,
      1.4507219791412354,
      1.459972858428955,
      1.4741649627685547,
      1.4558268785476685,
      1.405747890472412,
      1.4355560541152954,
      1.4090486764907837,
      1.4635591506958008,
      1.4632083177566528,
      1.4797003269195557,
      1.435468316078186,
      1.422807216644287,
      1.4742424488067627,
      1.4717036485671997,
      1.508489966392517,
      1.507935881614685,
      1.4393903017044067,
      1.446285367012024,
      1.4477732181549072,
      1.4834330081939697,
      1.4577205181121826,
      1.47516667842865,
      1.437308430671692,
      1.4257409572601318,
      1.4649182558059692,
      1.4565366506576538,
      1.475106954574585,
      1.395913004875183,
      1.4223906993865967,
      1.4504870176315308,
      1.471898078918457,
      1.4033722877502441,
      1.4236326217651367,
      1.3611937761306763,
      1.4520995616912842,
      1.450868010520935,
      1.3932732343673706,
      1.4434140920639038,
      1.377313494682312,
      1.4578535556793213,
      1.4328694343566895,
      1.4548951387405396,
      1.4444806575775146,
      1.4834634065628052,
      1.4844268560409546,
      1.409278392791748,
      1.521716594696045,
      1.5072300434112549,
      1.423659086227417,
      1.388145923614502,
      1.402579426765442,
      1.423915147781372,
      1.409806251525879,
      1.3933953046798706,
      1.356136679649353,
      1.383232831954956,
      1.3421367406845093,
      1.4256497621536255,
      1.3535783290863037,
      1.418737769126892,
      1.3751634359359741,
      1.396243929862976,
      1.450165867805481,
      1.4679405689239502,
      1.4450215101242065,
      1.5262688398361206,
      1.5019593238830566,
