{
  "config": {
    "run_name": "exp1_1_L2_K64",
    "out_dir": "./results",
    "seed": 42,
    "device": null,
    "bs_train": 1024,
    "bs_test": 256,
    "batches": 1000,
    "epochs": 10,
    "early_stopping": 1,
    "checkpoints": null,
    "lr": 0.001,
    "reg": 0.001,
    "filters_per_layer": [
      64
    ],
    "layers_per_block": 2,
    "pool_every": 2,
    "hidden_dims": [
      1024
    ],
    "kernel_size": 3,
    "stride": 1,
    "padding": 1,
    "pooling_size": 2,
    "pooling_type": "avg",
    "activation_type": "lrelu",
    "model_type": "cnn",
    "kw": {}
  },
  "results": {
    "num_epochs": 3,
    "train_loss": [
      2.304783821105957,
      3.0589351654052734,
      2.5623388290405273,
      2.4607603549957275,
      2.5136542320251465,
      2.432177782058716,
      2.356767416000366,
      2.2943882942199707,
      2.2438385486602783,
      2.2089765071868896,
      2.171079397201538,
      2.165722370147705,
      2.1311304569244385,
      2.116528272628784,
      2.110210418701172,
      2.0885190963745117,
      2.0669984817504883,
      2.0370659828186035,
      2.014437437057495,
      1.9911386966705322,
      1.9855180978775024,
      1.9455865621566772,
      1.9658125638961792,
      1.89972984790802,
      1.914635419845581,
      1.910883903503418,
      1.9140493869781494,
      1.9224867820739746,
      1.9092415571212769,
      1.9151676893234253,
      1.9001073837280273,
      1.932067632675171,
      1.8783435821533203,
      1.8922927379608154,
      1.8481483459472656,
      1.8481040000915527,
      1.818086862564087,
      1.8634610176086426,
      1.8343425989151,
      1.8572978973388672,
      1.8319716453552246,
      1.8345329761505127,
      1.82891047000885,
      1.7715038061141968,
      1.7917757034301758,
      1.805891990661621,
      1.7922190427780151,
      1.759958028793335,
      1.8014798164367676,
      1.786894679069519,
      1.7489204406738281,
      1.7227534055709839,
      1.7484917640686035,
      1.7544562816619873,
      1.7312300205230713,
      1.736028790473938,
      1.701321005821228,
      1.7289743423461914,
      1.7440612316131592,
      1.7401480674743652,
      1.7839994430541992,
      1.7196111679077148,
      1.7451928853988647,
      1.7339327335357666,
      1.7512112855911255,
      1.8069349527359009,
      1.7010544538497925,
      1.7255452871322632,
      1.72126305103302,
      1.7002581357955933,
      1.6725999116897583,
      1.6806130409240723,
      1.6945667266845703,
      1.6058213710784912,
      1.6445454359054565,
      1.6704039573669434,
      1.6218100786209106,
      1.6750792264938354,
      1.6731891632080078,
      1.6740645170211792,
      1.6847765445709229,
      1.6753871440887451,
      1.6820415258407593,
      1.7272802591323853,
      1.6409565210342407,
      1.668458104133606,
      1.6384977102279663,
      1.6839970350265503,
      1.631229281425476,
      1.6672255992889404,
      1.6689969301223755,
      1.6419439315795898,
      1.6552761793136597,
      1.6343579292297363,
      1.6447421312332153,
      1.644940972328186,
      1.623511791229248,
      1.609851598739624,
      1.6557875871658325,
      1.6263929605484009,
      1.5961408615112305,
      1.5707981586456299,
      1.6100441217422485,
      1.6086559295654297,
      1.6143512725830078,
      1.6109273433685303,
      1.5469765663146973,
      1.604995846748352,
      1.627036452293396,
      1.6035369634628296,
      1.6398168802261353,
      1.5785044431686401,
      1.6506074666976929,
      1.6026493310928345,
      1.6306883096694946,
      1.6856061220169067,
      1.5633231401443481,
      1.6154112815856934,
      1.604643702507019,
      1.5892380475997925,
      1.5785702466964722,
      1.5595747232437134,
      1.5551775693893433,
      1.5129199028015137,
      1.5140066146850586,
      1.5681004524230957,
      1.505308747291565,
      1.5873085260391235,
      1.558440089225769,
      1.5812805891036987,
      1.5714930295944214,
      1.5636515617370605,
      1.5691719055175781,
      1.6396714448928833,
      1.5615888833999634,
      1.5788544416427612,
      1.5560100078582764,
      1.5779247283935547,
      1.5480471849441528,
      1.6005433797836304,
      1.57079017162323,
      1.5590014457702637,
      1.5602248907089233,
      1.559524655342102,
      1.5604664087295532,
      1.5325313806533813,
      1.5391700267791748,
      1.5339088439941406,
      1.536361575126648,
      1.541627049446106,
      1.5128728151321411,
      1.4708971977233887,
      1.5414124727249146,
      1.5150262117385864,
      1.5320132970809937,
      1.5418405532836914,
      1.4691410064697266,
      1.5301220417022705,
      1.5366885662078857,
      1.5141268968582153,
      1.568263292312622,
      1.4872417449951172,
      1.5865247249603271,
      1.5191570520401,
      1.5524096488952637,
      1.620819091796875,
      1.4759931564331055,
      1.5401743650436401,
      1.5283987522125244,
      1.5187360048294067,
      1.4940454959869385,
      1.4874593019485474,
      1.4765570163726807,
      1.4447661638259888,
      1.4307844638824463,
      1.4954031705856323,
      1.4289882183074951,
      1.527179479598999,
      1.48433518409729,
      1.5118356943130493,
      1.4942874908447266,
      1.493416428565979,
      1.49943208694458,
      1.5797370672225952,
      1.494377613067627,
      1.5032154321670532,
      1.502843976020813,
      1.5045580863952637,
      1.4948664903640747,
      1.5420892238616943,
      1.500498652458191,
      1.4847232103347778,
      1.5027623176574707,
      1.4995685815811157,
      1.4924346208572388,
      1.4565010070800781,
      1.4777510166168213,
      1.459864854812622,
      1.4708375930786133,
      1.4712498188018799,
      1.445678949356079,
      1.4165571928024292,
      1.4714573621749878,
      1.4512336254119873,
      1.4793158769607544,
      1.4886645078659058,
      1.4134989976882935,
      1.4693853855133057,
      1.4798743724822998,
      1.4452766180038452,
      1.4866294860839844,
      1.4458824396133423,
      1.526983380317688,
      1.4661319255828857,
      1.5033164024353027,
      1.5501571893692017,
      1.4337577819824219,
      1.4776408672332764,
      1.4846203327178955,
      1.4739086627960205,
      1.4495103359222412,
      1.4370191097259521,
      1.4374629259109497,
      1.3922638893127441,
      1.3751695156097412,
      1.4498735666275024,
      1.3701694011688232,
      1.4788542985916138,
      1.446021318435669,
      1.4594351053237915,
      1.4521523714065552,
      1.4424396753311157,
      1.4620740413665771,
      1.5283344984054565,
      1.4585440158843994,
      1.448905348777771,
      1.4563469886779785,
      1.4732165336608887,
      1.4523885250091553,
      1.4894626140594482,
      1.460005521774292,
      1.4475202560424805,
      1.458863377571106,
      1.4701553583145142,
      1.451288104057312,
      1.4072703123092651,
      1.439974308013916,
      1.4185608625411987,
      1.436739206314087,
      1.42019522190094
    ],
    "train_acc": [
      28.64,
      40.418,
      44.248,
      46.702,
      48.476
    ],