{
  "config": {
    "run_name": "exp1_4_L4_K64-128-256",
    "out_dir": "./results",
    "seed": 42,
    "device": null,
    "bs_train": 1024,
    "bs_test": 256,
    "batches": 1000,
    "epochs": 10,
    "early_stopping": 2,
    "checkpoints": null,
    "lr": 0.001,
    "reg": 0.001,
    "filters_per_layer": [
      64,
      128,
      256
    ],
    "layers_per_block": 4,
    "pool_every": 4,
    "hidden_dims": [
      1024
    ],
    "pooling_kernel_size": 3,
    "stride": 1,
    "padding": 6,
    "pooling_size": 2,
    "pooling_type": "avg",
    "activation_type": "lrelu",
    "model_type": "resnet",
    "kw": {}
  },
  "results": {
    "num_epochs": 5,
    "train_loss": [
      2.3023271560668945,
      2.302557945251465,
      2.2995264530181885,
      2.298374652862549,
      2.29331374168396,
      2.2876923084259033,
      2.283722162246704,
      2.2855353355407715,
      2.243109703063965,
      2.2056479454040527,
      2.2662830352783203,
      2.216693162918091,
      2.6123595237731934,
      2.238001823425293,
      2.3027360439300537,
      2.313908100128174,
      2.33337664604187,
      2.3207497596740723,
      2.3122050762176514,
      2.3100059032440186,
      2.296095609664917,
      2.2740373611450195,
      2.307037591934204,
      2.283001184463501,
      2.2803030014038086,
      2.2874844074249268,
      2.2815816402435303,
      2.2753472328186035,
      2.275728225708008,
      2.2664968967437744,
      2.2612879276275635,
      2.255469799041748,
      2.2479469776153564,
      2.2444639205932617,
      2.217451572418213,
      2.193849563598633,
      2.198683977127075,
      2.2244133949279785,
      2.1550889015197754,
      2.5717856884002686,
      2.2131807804107666,
      2.3191943168640137,
      2.3231329917907715,
      2.292499542236328,
      2.3172972202301025,
      2.2877602577209473,
      2.2760255336761475,
      2.2545197010040283,
      2.212383985519409,
      2.1942195892333984,
      2.2022833824157715,
      2.2063143253326416,
      2.1936113834381104,
      2.1801202297210693,
      2.1595687866210938,
      2.1387534141540527,
      2.1262147426605225,
      2.0858333110809326,
      2.1870224475860596,
      2.2603394985198975,
      2.0870869159698486,
      2.0987584590911865,
      2.1371090412139893,
      2.108513355255127,
      2.1272358894348145,
      2.1435093879699707,
      2.140350341796875,
      2.1484792232513428,
      2.122938632965088,
      2.091811180114746,
      2.0963892936706543,
      2.0981602668762207,
      2.0644943714141846,
      2.0381417274475098,
      2.0697100162506104,
      2.0524725914001465,
      2.0475664138793945,
      2.0814337730407715,
      2.0512256622314453,
      2.0544192790985107,
      2.053748607635498,
      2.0666937828063965,
      2.0364134311676025,
      2.032099962234497,
      2.038895845413208,
      2.0252022743225098,
      2.0204861164093018,
      2.0443625450134277,
      2.0390026569366455,
      2.0258712768554688,
      2.053525447845459,
      2.024733304977417,
      2.0355448722839355,
      1.988635540008545,
      2.0286638736724854,
      2.016941785812378,
      2.014538526535034,
      1.9710015058517456,
      2.0151259899139404,
      1.9830955266952515,
      1.9560643434524536,
      1.9697600603103638,
      2.0064637660980225,
      1.9765715599060059,
      1.9421682357788086,
      1.932555913925171,
      1.9465056657791138,
      1.9642558097839355,
      2.0101664066314697,
      1.9695930480957031,
      1.9684951305389404,
      1.9545629024505615,
      1.911087155342102,
      1.9877264499664307,
      1.9945908784866333,
      1.979442834854126,
      1.9690123796463013,
      1.9680240154266357,
      1.9575419425964355,
      1.9428068399429321,
      1.927456259727478,
      1.9092258214950562,
      1.9203531742095947,
      1.8529447317123413,
      1.902340292930603,
      1.922123670578003,
      1.878305196762085,
      1.9977718591690063,
      2.1198277473449707,
      1.930864691734314,
      2.006061553955078,
      1.9408637285232544,
      1.9792736768722534,
      1.9771488904953003,
      1.9573065042495728,
      1.9367765188217163,
      1.9381093978881836,
      1.9627004861831665,
      1.912637710571289,
      1.922179102897644,
      1.924780249595642,
      1.8998634815216064,
      1.913589358329773,
      1.8642094135284424,
      1.8941500186920166,
      1.8753780126571655,
      1.8994754552841187,
      1.86640202999115,
      1.8891311883926392,
      1.8600022792816162,
      1.8393760919570923,
      1.8278511762619019,
      1.901289701461792,
      1.8834490776062012,
      1.8276783227920532,
      1.8549041748046875,
      1.8116755485534668,
      1.8440732955932617,
      1.8688229322433472,
      1.8317018747329712,
      1.8592842817306519,
      1.8137081861495972,
      1.8153475522994995,
      1.8637186288833618,
      1.8469743728637695,
      1.9035308361053467,
      1.9133118391036987,
      1.8750971555709839,
      1.8805001974105835,
      1.8360772132873535,
      1.8524404764175415,
      1.8348336219787598,
      1.8063849210739136,
      1.7714862823486328,
      1.8289504051208496,
      1.8404605388641357,
      1.7886273860931396,
      1.8506219387054443,
      1.7884178161621094,
      1.8189671039581299,
      1.8358992338180542,
      1.798423171043396,
      1.8559561967849731,
      1.8680243492126465,
      1.8040920495986938,
      1.8081128597259521,
      1.8009918928146362,
      1.7951923608779907,
      1.8661954402923584,
      1.803259015083313,
      1.8366152048110962,
      1.8323041200637817,
      1.785780429840088,
      1.8098257780075073,
      1.8111779689788818,
      1.812095046043396,
      1.791115641593933,
      1.7839442491531372,
      1.7926932573318481,
      1.7916682958602905,
      1.7401372194290161,
      1.7827770709991455,
      1.8409146070480347,
      1.7905300855636597,
      1.786087155342102,
      1.7487742900848389,
      1.778717279434204,
      1.7569119930267334,
      1.7861385345458984,
      1.7999097108840942,
      1.8011860847473145,
      1.756933569908142,
      1.7418699264526367,
      1.812609076499939,
      1.818859577178955,
      1.8260923624038696,
      1.7780036926269531,
      1.8102271556854248,
      1.8063822984695435,
      1.7465261220932007,
      1.7536311149597168,
      1.7166786193847656,
      1.713283896446228,
      1.704685926437378,
      1.7186506986618042,
      1.7605581283569336,
      1.715973138809204,
      1.7481298446655273,
      1.7256325483322144,
      1.7404046058654785,
      1.7314963340759277,
      1.7170789241790771,
      1.7978612184524536,
      1.8067137002944946,
      1.750045895576477,
      1.729225754737854,
      1.7535728216171265,
      1.7288075685501099,
      1.791379451751709,
      1.752038598060608,
      1.7791414260864258,
      1.7538436651229858,
      1.7314491271972656,
      1.7444912195205688,
      1.760727882385254,
      1.7424108982086182,
      1.7210109233856201,
      1.7266114950180054,
      1.7328107357025146,
      1.7368028163909912,
      1.7082130908966064,
      1.6946223974227905,
      1.7980753183364868,
      1.7370588779449463,
      1.7316864728927612,
      1.7074174880981445,
      1.6916719675064087,
      1.694448709487915,
      1.7113230228424072,
      1.707385778427124,
      1.7441949844360352,
      1.6726537942886353,
      1.6933577060699463,
      1.7300810813903809,
      1.7322741746902466,
      1.7723276615142822,
      1.712934136390686,
      1.709768295288086,
      1.7505141496658325,
      1.6603976488113403,
      1.7097079753875732,
      1.658470869064331,
      1.6416693925857544,
      1.6281437873840332,
      1.610909104347229,
      1.666961669921875,
      1.6593557596206665,
      1.6834124326705933,
      1.6756681203842163,
      1.6880038976669312,
      1.6716231107711792,
      1.6736286878585815,
      1.716160774230957,
      1.6981936693191528,
