{
  "config": {
    "run_name": "exp1_2_L8_K32",
    "out_dir": "./results",
    "seed": 42,
    "device": null,
    "bs_train": 1024,
    "bs_test": 256,
    "batches": 1000,
    "epochs": 10,
    "early_stopping": 1,
    "checkpoints": null,
    "lr": 0.001,
    "reg": 0.001,
    "filters_per_layer": [
      32
    ],
    "layers_per_block": 8,
    "pool_every": 4,
    "hidden_dims": [
      100
    ],
    "kernel_size": 3,
    "stride": 1,
    "padding": 1,
    "pooling_size": 2,
    "pooling_type": "avg",
    "activation_type": "lrelu",
    "model_type": "cnn",
    "kw": {}
  },
  "results": {
    "num_epochs": 3,
    "train_loss": [
      2.302075147628784,
      2.3078384399414062,
      2.302865505218506,
      2.306792736053467,
      2.3028621673583984,
      2.3028781414031982,
      2.3033447265625,
      2.302534818649292,
      2.30220890045166,
      2.3018078804016113,
      2.302222728729248,
      2.3033878803253174,
      2.3028547763824463,
      2.3026702404022217,
      2.3040173053741455,
      2.3022334575653076,
      2.3029234409332275,
      2.3025310039520264,
      2.3045566082000732,
      2.303021192550659,
      2.302607774734497,
      2.303129196166992,
      2.3011562824249268,
      2.3032209873199463,
      2.3032724857330322,
      2.3052027225494385,
      2.303633451461792,
      2.3028950691223145,
      2.301342487335205,
      2.3020904064178467,
      2.302464485168457,
      2.303955316543579,
      2.303952693939209,
      2.3024165630340576,
      2.3030314445495605,
      2.303558826446533,
      2.3035566806793213,
      2.3024420738220215,
      2.302846908569336,
      2.303323745727539,
      2.30295467376709,
      2.303844928741455,
      2.3026959896087646,
      2.302874803543091,
      2.3027048110961914,
      2.3025856018066406,
      2.3025355339050293,
      2.302170991897583,
      2.3024380207061768,
      2.303626775741577,
      2.303256034851074,
      2.3025028705596924,
      2.3030905723571777,
      2.302086114883423,
      2.302567958831787,
      2.3025050163269043,
      2.303910255432129,
      2.3033084869384766,
      2.302093505859375,
      2.3026952743530273,
      2.3025331497192383,
      2.303081512451172,
      2.3026914596557617,
      2.3024861812591553,
      2.303952217102051,
      2.302473545074463,
      2.3031065464019775,
      2.302140474319458,
      2.30387806892395,
      2.303020715713501,
      2.302175760269165,
      2.3032851219177246,
      2.301978588104248,
      2.3032093048095703,
      2.3029308319091797,
      2.303335189819336,
      2.3032500743865967,
      2.3032453060150146,
      2.3017876148223877,
      2.302177667617798,
      2.302199602127075,
      2.303178310394287,
      2.304337501525879,
      2.3025598526000977,
      2.3030636310577393,
      2.3034236431121826,
      2.30364727973938,
      2.3028595447540283,
      2.3030717372894287,
      2.3033320903778076,
      2.3025076389312744,
      2.302460193634033,
      2.3028650283813477,
      2.3021674156188965,
      2.302356481552124,
      2.302056312561035,
      2.3033359050750732,
      2.3028295040130615,
      2.3028621673583984,
      2.303551197052002,
      2.3029210567474365,
      2.302647590637207,
      2.3032193183898926,
      2.3021488189697266,
      2.3026790618896484,
      2.302720308303833,
      2.3033390045166016,
      2.3028149604797363,
      2.3024966716766357,
      2.302663803100586,
      2.3024306297302246,
      2.302584171295166,
      2.3025529384613037,
      2.3025941848754883,
      2.3039028644561768,
      2.302441120147705,
      2.3030402660369873,
      2.3022029399871826,
      2.3036162853240967,
      2.302940845489502,
      2.3021037578582764,
      2.3029677867889404,
      2.302415609359741,
      2.302813768386841,
      2.3029017448425293,
      2.303279161453247,
      2.3031258583068848,
      2.3035390377044678,
      2.3027491569519043,
      2.302269458770752,
      2.302424907684326,
      2.3026022911071777,
      2.303595542907715,
      2.302794933319092,
      2.302917957305908,
      2.3030002117156982,
      2.3031227588653564,
      2.303196668624878,
      2.3029370307922363,
      2.303018093109131,
      2.302487373352051,
      2.30224347114563,
      2.3028860092163086,
      2.3022403717041016,
      2.3024773597717285,
      2.302039623260498,
      2.3032774925231934,
      2.3028805255889893,
      2.302859306335449,
      2.303574800491333,
      2.3028414249420166,
      2.3026347160339355,
      2.3030664920806885,
      2.3021318912506104,
      2.302868366241455,
      2.3026645183563232,
      2.303227186203003,
      2.30292010307312,
      2.3027071952819824,
      2.3028922080993652,
      2.3025014400482178,
      2.302441120147705,
      2.3026490211486816,
      2.302739143371582,
      2.3037636280059814,
      2.302551507949829,
      2.3028981685638428,
      2.3022799491882324,
      2.3032894134521484,
      2.3028523921966553,
      2.3021206855773926,
      2.302889585494995,
      2.302443742752075,
      2.3026883602142334,
      2.302863121032715,
      2.3031978607177734,
      2.303021192550659,
      2.3035080432891846,
      2.3027334213256836,
      2.3022756576538086,
      2.302419662475586,
      2.302400827407837,
      2.3035802841186523,
      2.302928924560547,
      2.302819013595581,
      2.3028724193573,
      2.30306077003479,
      2.303083896636963,
      2.303006410598755,
      2.302929162979126,
      2.3025550842285156,
      2.3024539947509766,
      2.3028671741485596,
      2.302359104156494,
      2.3024961948394775,
      2.3020641803741455,
      2.3032069206237793,
      2.3028008937835693,
      2.3028647899627686,
      2.3033623695373535,
      2.302799940109253,
      2.3026671409606934,
      2.3029370307922363,
      2.3021645545959473,
      2.3029870986938477,
      2.302750587463379,
      2.3030459880828857,
      2.30300235748291,
      2.302903890609741,
      2.302751064300537,
      2.302722930908203,
      2.3024377822875977,
      2.3025834560394287,
      2.3026962280273438,
      2.303206443786621,
      2.30250883102417,
      2.3027617931365967,
      2.3023881912231445,
      2.303114652633667,
      2.3028199672698975,
      2.30216121673584,
      2.302885055541992,
      2.3025176525115967,
      2.302638053894043,
      2.302760601043701,
      2.3030190467834473,
      2.302990198135376,
      2.303497552871704,
      2.302863359451294,
      2.3023300170898438,
      2.302581548690796,
      2.302384614944458,
      2.3033204078674316,
      2.303025007247925,
      2.3028571605682373,
      2.3028275966644287,
      2.3030385971069336,
      2.303262948989868,
      2.302776575088501,
      2.302795886993408,
      2.3025150299072266,
      2.30224347114563,
      2.3028526306152344,
      2.3025238513946533,
      2.302694082260132,
      2.3022146224975586,
      2.3031253814697266,
      2.3027751445770264,
      2.3028564453125,
      2.303060531616211
    ],
    "train_acc": [
      9.84,
      9.894,
      9.88,
      9.822,
      9.902
    ],