{
  "config": {
    "run_name": "exp1_1_L4_K32",
    "out_dir": "./results",
    "seed": 42,
    "device": null,
    "bs_train": 1024,
    "bs_test": 256,
    "batches": 1000,
    "epochs": 10,
    "early_stopping": 1,
    "checkpoints": null,
    "lr": 0.001,
    "reg": 0.001,
    "filters_per_layer": [
      32
    ],
    "layers_per_block": 4,
    "pool_every": 2,
    "hidden_dims": [
      1024
    ],
    "kernel_size": 3,
    "stride": 1,
    "padding": 1,
    "pooling_size": 2,
    "pooling_type": "avg",
    "activation_type": "lrelu",
    "model_type": "cnn",
    "kw": {}
  },
  "results": {
    "num_epochs": 5,
    "train_loss": [
      2.3025505542755127,
      2.31947660446167,
      2.305673360824585,
      2.3043534755706787,
      2.30230450630188,
      2.3028948307037354,
      2.3042211532592773,
      2.302870750427246,
      2.3024539947509766,
      2.303704261779785,
      2.3009262084960938,
      2.301039695739746,
      2.3007917404174805,
      2.3004589080810547,
      2.301941156387329,
      2.2987959384918213,
      2.2988240718841553,
      2.2976202964782715,
      2.299614667892456,
      2.2952404022216797,
      2.292860984802246,
      2.290715217590332,
      2.289788007736206,
      2.283393621444702,
      2.2825913429260254,
      2.278867244720459,
      2.271392345428467,
      2.266874074935913,
      2.261455535888672,
      2.2524383068084717,
      2.246528387069702,
      2.239454746246338,
      2.2095694541931152,
      2.2063851356506348,
      2.1900696754455566,
      2.177161931991577,
      2.1728827953338623,
      2.17696475982666,
      2.149482250213623,
      2.164771795272827,
      2.1480484008789062,
      2.156393051147461,
      2.1333463191986084,
      2.0814402103424072,
      2.105674982070923,
      2.095705986022949,
      2.0937423706054688,
      2.075252056121826,
      2.0788650512695312,
      2.082699775695801,
      2.0414035320281982,
      2.047842264175415,
      2.0382933616638184,
      2.0463457107543945,
      2.0382020473480225,
      2.027529001235962,
      2.0200932025909424,
      2.0430092811584473,
      2.0447514057159424,
      2.0300776958465576,
      2.0154056549072266,
      2.0074634552001953,
      2.014782190322876,
      2.0036022663116455,
      2.0250613689422607,
      2.009922981262207,
      2.0127668380737305,
      1.9880954027175903,
      1.989546298980713,
      1.969422459602356,
      1.9480957984924316,
      1.9506162405014038,
      1.95646333694458,
      1.8954546451568604,
      1.9122978448867798,
      1.9227741956710815,
      1.9256535768508911,
      1.9446892738342285,
      1.933986783027649,
      1.9275798797607422,
      1.9347447156906128,
      1.9368641376495361,
      1.925940752029419,
      1.9391452074050903,
      1.9093470573425293,
      1.887645959854126,
      1.8796838521957397,
      1.9347403049468994,
      1.8932793140411377,
      1.9228733777999878,
      1.9107621908187866,
      1.8717365264892578,
      1.9034370183944702,
      1.8557672500610352,
      1.8752121925354004,
      1.8826203346252441,
      1.8663862943649292,
      1.8444455862045288,
      1.884698510169983,
      1.854498028755188,
      1.8159756660461426,
      1.8190945386886597,
      1.836861491203308,
      1.8343636989593506,
      1.8213183879852295,
      1.8327711820602417,
      1.807338833808899,
      1.823543667793274,
      1.8460508584976196,
      1.8347076177597046,
      1.8523097038269043,
      1.8126357793807983,
      1.8125238418579102,
      1.8527880907058716,
      1.839558720588684,
      1.8551647663116455,
      1.820399522781372,
      1.8193562030792236,
      1.805423617362976,
      1.7905117273330688,
      1.804175853729248,
      1.7691020965576172,
      1.8040531873703003,
      1.7358736991882324,
      1.7445170879364014,
      1.7572358846664429,
      1.7433826923370361,
      1.810119390487671,
      1.7722150087356567,
      1.7763913869857788,
      1.7699860334396362,
      1.7945373058319092,
      1.8007019758224487,
      1.8104993104934692,
      1.7479854822158813,
      1.7370569705963135,
      1.7268764972686768,
      1.79030442237854,
      1.7339664697647095,
      1.7686914205551147,
      1.7621878385543823,
      1.7358753681182861,
      1.7558737993240356,
      1.7197846174240112,
      1.7385640144348145,
      1.7408769130706787,
      1.7275006771087646,
      1.7228577136993408,
      1.7580128908157349,
      1.7351495027542114,
      1.693023443222046,
      1.688381552696228,
      1.7040989398956299,
      1.7131233215332031,
      1.6989502906799316,
      1.7200180292129517,
      1.6732467412948608,
      1.6913050413131714,
      1.729109764099121,
      1.693821907043457,
      1.7440478801727295,
      1.6853163242340088,
      1.713127851486206,
      1.708313226699829,
      1.7166006565093994,
      1.749772548675537,
      1.6720588207244873,
      1.6980373859405518,
      1.6884770393371582,
      1.6844172477722168,
      1.6722837686538696,
      1.6650723218917847,
      1.6502569913864136,
      1.619128704071045,
      1.6324219703674316,
      1.6498583555221558,
      1.619141697883606,
      1.7002028226852417,
      1.666887640953064,
      1.6619951725006104,
      1.6599730253219604,
      1.6804062128067017,
      1.691530704498291,
      1.7367089986801147,
      1.6560393571853638,
      1.6380256414413452,
      1.6386150121688843,
      1.688602328300476,
      1.6447151899337769,
      1.6696058511734009,
      1.6691057682037354,
      1.650726556777954,
      1.6694258451461792,
      1.6283416748046875,
      1.641847848892212,
      1.6489295959472656,
      1.6373615264892578,
      1.6313236951828003,
      1.6549313068389893,
      1.6434787511825562,
      1.6148079633712769,
      1.5967895984649658,
      1.6172716617584229,
      1.6175241470336914,
      1.6218969821929932,
      1.6379759311676025,
      1.572770118713379,
      1.6116979122161865,
      1.6355042457580566,
      1.5948741436004639,
      1.6564228534698486,
      1.5968083143234253,
      1.6423182487487793,
      1.6276047229766846,
      1.6344290971755981,
      1.67448890209198,
      1.568495512008667,
      1.627048373222351,
      1.6138442754745483,
      1.6125239133834839,
      1.6015201807022095,
      1.5716228485107422,
      1.5807926654815674,
      1.5455418825149536,
      1.5568844079971313,
      1.5842987298965454,
      1.5371218919754028,
      1.6234513521194458,
      1.5830912590026855,
      1.5870280265808105,
      1.5866739749908447,
      1.5951218605041504,
      1.6099343299865723,
      1.6722233295440674,
      1.592901587486267,
      1.5615853071212769,
      1.5779896974563599,
      1.6084414720535278,
      1.5784212350845337,
      1.6003016233444214,
      1.6068235635757446,
      1.587092638015747,
      1.6108969449996948,
      1.5758110284805298,
      1.5811257362365723,
      1.5896806716918945,
      1.5677257776260376,
      1.565405249595642,
      1.5857330560684204,
      1.572188138961792,
      1.560548186302185,
      1.5390617847442627,
      1.5627245903015137,
      1.5544912815093994,
      1.5639294385910034,
      1.5779961347579956,
      1.511305809020996,
      1.5584841966629028,
      1.5780055522918701,
      1.5337449312210083,
      1.6002298593521118,
      1.5442417860031128,
      1.5919287204742432,
      1.572615623474121,
      1.5829740762710571,
      1.6214627027511597,
      1.5020711421966553,
      1.5843695402145386,
      1.5675549507141113,
      1.5692917108535767,
      1.556288719177246,
      1.524814486503601,
      1.5190213918685913,
      1.501673936843872,
      1.5140736103057861,
      1.541164755821228,
      1.485138177871704,
      1.5712565183639526,
      1.5302313566207886,
      1.5354323387145996,
      1.5312622785568237,
      1.544533610343933,
      1.5609146356582642,
      1.618189811706543,
      1.5498493909835815,
      1.516106128692627,
