{
  "config": {
    "run_name": "exp1_2_L8_K64",
    "out_dir": "./results",
    "seed": 42,
    "device": null,
    "bs_train": 1024,
    "bs_test": 256,
    "batches": 1000,
    "epochs": 10,
    "early_stopping": 1,
    "checkpoints": null,
    "lr": 0.001,
    "reg": 0.001,
    "filters_per_layer": [
      64
    ],
    "layers_per_block": 8,
    "pool_every": 4,
    "hidden_dims": [
      100
    ],
    "kernel_size": 3,
    "stride": 1,
    "padding": 1,
    "pooling_size": 2,
    "pooling_type": "avg",
    "activation_type": "lrelu",
    "model_type": "cnn",
    "kw": {}
  },
  "results": {
    "num_epochs": 3,
    "train_loss": [
      2.3046460151672363,
      2.3051846027374268,
      2.3028745651245117,
      2.3022398948669434,
      2.304783344268799,
      2.3051767349243164,
      2.305119514465332,
      2.3040356636047363,
      2.3028533458709717,
      2.3050777912139893,
      2.3024725914001465,
      2.306133985519409,
      2.3034212589263916,
      2.302852153778076,
      2.3057806491851807,
      2.302389621734619,
      2.303462266921997,
      2.302152156829834,
      2.3047709465026855,
      2.303664207458496,
      2.3021156787872314,
      2.303694009780884,
      2.3014016151428223,
      2.303071975708008,
      2.302910327911377,
      2.303809881210327,
      2.303250789642334,
      2.302971601486206,
      2.301823139190674,
      2.3024051189422607,
      2.3027892112731934,
      2.303246259689331,
      2.3039441108703613,
      2.302941083908081,
      2.303036689758301,
      2.3033292293548584,
      2.3035175800323486,
      2.302325487136841,
      2.3026978969573975,
      2.303417682647705,
      2.3031504154205322,
      2.304633140563965,
      2.3026492595672607,
      2.3028666973114014,
      2.3024895191192627,
      2.3025524616241455,
      2.302431106567383,
      2.302253246307373,
      2.3026139736175537,
      2.303835391998291,
      2.3035271167755127,
      2.302729606628418,
      2.3035829067230225,
      2.3019137382507324,
      2.3030753135681152,
      2.3026113510131836,
      2.3036515712738037,
      2.303098201751709,
      2.3024442195892334,
      2.302717685699463,
      2.3027639389038086,
      2.302516222000122,
      2.302882432937622,
      2.3025550842285156,
      2.3035759925842285,
      2.30246901512146,
      2.3028156757354736,
      2.301769256591797,
      2.3041412830352783,
      2.302762746810913,
      2.302461862564087,
      2.3031210899353027,
      2.302122116088867,
      2.302963972091675,
      2.3027689456939697,
      2.3028504848480225,
      2.302656888961792,
      2.3036954402923584,
      2.302586078643799,
      2.3025028705596924,
      2.3026866912841797,
      2.3023874759674072,
      2.3038368225097656,
      2.3030455112457275,
      2.302635669708252,
      2.302755355834961,
      2.302884101867676,
      2.302548885345459,
      2.3028202056884766,
      2.303084373474121,
      2.302762746810913,
      2.3037972450256348,
      2.3026976585388184,
      2.302703380584717,
      2.3026516437530518,
      2.302154779434204,
      2.3028626441955566,
      2.302182674407959,
      2.3026809692382812,
      2.3036410808563232,
      2.3030083179473877,
      2.3026227951049805,
      2.3031280040740967,
      2.302360773086548,
      2.3028812408447266,
      2.3026230335235596,
      2.303206443786621,
      2.302971363067627,
      2.302515983581543,
      2.30291485786438,
      2.302316904067993,
      2.302910089492798,
      2.3025453090667725,
      2.3025786876678467,
      2.3029603958129883,
      2.302485942840576,
      2.3024773597717285,
      2.3022570610046387,
      2.303469181060791,
      2.3026442527770996,
      2.3022491931915283,
      2.302915573120117,
      2.3019731044769287,
      2.3026883602142334,
      2.3025624752044678,
      2.30273175239563,
      2.3028128147125244,
      2.3036177158355713,
      2.3024532794952393,
      2.3026232719421387,
      2.3030834197998047,
      2.3028345108032227,
      2.304006814956665,
      2.302987575531006,
      2.3025624752044678,
      2.3027637004852295,
      2.302621841430664,
      2.3022937774658203,
      2.302917003631592,
      2.3028948307037354,
      2.302840232849121,
      2.303203582763672,
      2.3026726245880127,
      2.3025457859039307,
      2.3028335571289062,
      2.3023312091827393,
      2.302724838256836,
      2.302536964416504,
      2.3024466037750244,
      2.3036861419677734,
      2.302825927734375,
      2.3023815155029297,
      2.3026821613311768,
      2.3022289276123047,
      2.3025498390197754,
      2.302706003189087,
      2.3033571243286133,
      2.303097724914551,
      2.302520990371704,
      2.302907943725586,
      2.3023319244384766,
      2.302852153778076,
      2.302703619003296,
      2.302669048309326,
      2.3029494285583496,
      2.3027732372283936,
      2.3024892807006836,
      2.3023247718811035,
      2.3033523559570312,
      2.3024609088897705,
      2.302518129348755,
      2.302659273147583,
      2.3020222187042236,
      2.3027729988098145,
      2.3024940490722656,
      2.302777051925659,
      2.302659034729004,
      2.303419828414917,
      2.302375316619873,
      2.302554130554199,
      2.3030171394348145,
      2.3028433322906494,
      2.3040120601654053,
      2.3030507564544678,
      2.3025424480438232,
      2.3027560710906982,
      2.302600860595703,
      2.302321434020996,
      2.302996873855591,
      2.3027760982513428,
      2.3028337955474854,
      2.303091049194336,
      2.3026232719421387,
      2.302535057067871,
      2.302783966064453,
      2.3023648262023926,
      2.3025782108306885,
      2.302518844604492,
      2.3024349212646484,
      2.3037588596343994,
      2.3030195236206055,
      2.302342414855957,
      2.3029003143310547,
      2.3020522594451904,
      2.3026132583618164,
      2.302845001220703,
      2.3032727241516113,
      2.303032159805298,
      2.302539587020874,
      2.3028860092163086,
      2.302368640899658,
      2.302798271179199,
      2.302665948867798,
      2.302558183670044,
      2.303027868270874,
      2.3026320934295654,
      2.3025667667388916,
      2.3021790981292725,
      2.3034541606903076,
      2.302574396133423,
      2.3024487495422363,
      2.3027737140655518,
      2.302131414413452,
      2.302736282348633,
      2.3025267124176025,
      2.302725315093994,
      2.302644968032837,
      2.303445339202881,
      2.302457332611084,
      2.302534341812134,
      2.3028769493103027,
      2.3027851581573486,
      2.3038902282714844,
      2.303022623062134,
      2.302626848220825,
      2.3027102947235107,
      2.3026695251464844,
      2.3023452758789062,
      2.30295729637146,
      2.3027403354644775,
      2.302778482437134,
      2.3030223846435547,
      2.302638292312622,
      2.302577257156372,
      2.3027710914611816,
      2.3023951053619385,
      2.3026750087738037,
      2.3026304244995117,
      2.3024187088012695,
      2.30340576171875
    ],
    "train_acc": [
      9.992,
      9.89,
      9.79,
      9.93,
      9.898
    ],