{
  "config": {
    "run_name": "exp1_2_L4_K128",
    "out_dir": "./results",
    "seed": 42,
    "device": null,
    "bs_train": 1024,
    "bs_test": 256,
    "batches": 1000,
    "epochs": 10,
    "early_stopping": 1,
    "checkpoints": null,
    "lr": 0.001,
    "reg": 0.001,
    "filters_per_layer": [
      128
    ],
    "layers_per_block": 4,
    "pool_every": 2,
    "hidden_dims": [
      1024
    ],
    "kernel_size": 3,
    "stride": 1,
    "padding": 1,
    "pooling_size": 2,
    "pooling_type": "avg",
    "activation_type": "lrelu",
    "model_type": "cnn",
    "kw": {}
  },
  "results": {
    "num_epochs": 3,
    "train_loss": [
      2.3020970821380615,
      2.32725191116333,
      2.2964634895324707,
      2.29402494430542,
      2.2908599376678467,
      2.2782773971557617,
      2.2696731090545654,
      2.2498583793640137,
      2.2299787998199463,
      2.206516981124878,
      2.1638896465301514,
      2.154567241668701,
      2.113800525665283,
      2.111255407333374,
      2.1073615550994873,
      2.0901918411254883,
      2.0839505195617676,
      2.077993869781494,
      2.0590572357177734,
      2.0242984294891357,
      1.9767048358917236,
      1.9858880043029785,
      1.9765639305114746,
      1.923934817314148,
      1.9446159601211548,
      1.9209202527999878,
      1.9601829051971436,
      1.9417498111724854,
      1.9546822309494019,
      1.9181996583938599,
      1.9262033700942993,
      1.9239686727523804,
      1.8937723636627197,
      1.9000868797302246,
      1.874224066734314,
      1.8457552194595337,
      1.8430358171463013,
      1.8783637285232544,
      1.864729404449463,
      1.8625462055206299,
      1.8465054035186768,
      1.8100643157958984,
      1.8457624912261963,
      1.7791390419006348,
      1.8096039295196533,
      1.8182319402694702,
      1.7886555194854736,
      1.7610316276550293,
      1.801937460899353,
      1.767681360244751,
      1.7406299114227295,
      1.7171657085418701,
      1.735270380973816,
      1.7396717071533203,
      1.73202383518219,
      1.7280935049057007,
      1.6965590715408325,
      1.7235894203186035,
      1.7274268865585327,
      1.7434580326080322,
      1.754685640335083,
      1.7305759191513062,
      1.7237088680267334,
      1.7353771924972534,
      1.7351359128952026,
      1.80573570728302,
      1.6577003002166748,
      1.733728051185608,
      1.698485016822815,
      1.7088929414749146,
      1.690251350402832,
      1.675004482269287,
      1.6701446771621704,
      1.6104344129562378,
      1.6271120309829712,
      1.6466220617294312,
      1.6097880601882935,
      1.6843678951263428,
      1.6469684839248657,
      1.6700009107589722,
      1.658339023590088,
      1.6822540760040283,
      1.6527371406555176,
      1.6857967376708984,
      1.621097207069397,
      1.6389167308807373,
      1.6148360967636108,
      1.6533558368682861,
      1.623046636581421,
      1.6195878982543945,
      1.6584203243255615,
      1.6274093389511108,
      1.6257328987121582,
      1.6104704141616821,
      1.616729497909546,
      1.6003912687301636,
      1.6162725687026978,
      1.5730584859848022,
      1.6113536357879639,
      1.5895342826843262,
      1.5608513355255127,
      1.5515855550765991,
      1.5669344663619995,
      1.5629560947418213,
      1.5823673009872437,
      1.562139630317688,
      1.5294455289840698,
      1.5905735492706299,
      1.5758122205734253,
      1.5756632089614868,
      1.5902440547943115,
      1.5319586992263794,
      1.616008996963501,
      1.551302194595337,
      1.602091908454895,
      1.637699842453003,
      1.5323450565338135,
      1.55037260055542,
      1.5753474235534668,
      1.5515179634094238,
      1.5221242904663086,
      1.5309323072433472,
      1.4953441619873047,
      1.4617891311645508,
      1.4752129316329956,
      1.5140000581741333,
      1.4839880466461182,
      1.548324465751648,
      1.4994126558303833,
      1.5336589813232422,
      1.5219111442565918,
      1.533719778060913,
      1.5187034606933594,
      1.582020878791809,
      1.5173207521438599,
      1.5359867811203003,
      1.5228170156478882,
      1.5643688440322876,
      1.4960927963256836,
      1.5390520095825195,
      1.5142618417739868,
      1.5267411470413208,
      1.5272539854049683,
      1.5246291160583496,
      1.5303908586502075,
      1.4724125862121582,
      1.4984564781188965,
      1.4752488136291504,
      1.4954380989074707,
      1.5103554725646973,
      1.4831359386444092,
      1.4344745874404907,
      1.5379083156585693,
      1.4639911651611328,
      1.5196586847305298,
      1.4921629428863525,
      1.4352796077728271,
      1.5072953701019287,
      1.5063831806182861,
      1.451859712600708,
      1.4857796430587769,
      1.4497532844543457,
      1.5020866394042969,
      1.4665340185165405,
      1.4985988140106201,
      1.5702725648880005,
      1.4284940958023071,
      1.5123372077941895,
      1.4560537338256836,
      1.5064635276794434,
      1.4494646787643433,
      1.4638458490371704,
      1.4197858572006226,
      1.4049257040023804,
      1.400675654411316,
      1.456132411956787,
      1.3776164054870605,
      1.469807744026184,
      1.4151136875152588,
      1.4303663969039917,
      1.445874810218811,
      1.4293872117996216,
      1.4412109851837158,
      1.5027377605438232,
      1.4299317598342896,
      1.4465177059173584,
      1.4396388530731201,
      1.4605380296707153,
      1.4202661514282227,
      1.46297287940979,
      1.4384151697158813,
      1.4479204416275024,
      1.4425654411315918,
      1.447041392326355,
      1.4556868076324463,
      1.384109616279602,
      1.402469515800476,
      1.408729910850525,
      1.4163988828659058,
      1.434333086013794,
      1.3766974210739136,
      1.3667000532150269,
      1.4243614673614502,
      1.3978211879730225,
      1.4233489036560059,
      1.4236377477645874,
      1.3549761772155762,
      1.4294296503067017,
      1.4185484647750854,
      1.3991471529006958,
      1.4117238521575928,
      1.3763973712921143,
      1.470963478088379,
      1.3917518854141235,
      1.4506008625030518,
      1.4825555086135864,
      1.366991400718689,
      1.4108834266662598,
      1.4066741466522217,
      1.4334338903427124,
      1.3726303577423096,
      1.394698143005371,
      1.356252908706665,
      1.3404901027679443,
      1.3462258577346802,
      1.3950163125991821,
      1.3252651691436768,
      1.4127161502838135,
      1.3546541929244995,
      1.393350601196289,
      1.3854691982269287,
      1.3800448179244995,
      1.3956878185272217,
      1.4696481227874756,
      1.3786354064941406,
      1.413870930671692,
      1.3968466520309448,
      1.4200001955032349,
      1.3618512153625488,
      1.4064003229141235,
      1.3799909353256226,
      1.3868565559387207,
      1.3996367454528809,
      1.4018290042877197,
      1.4159587621688843,
      1.3169589042663574,
      1.3466744422912598,
      1.364206314086914,
      1.3664759397506714,
      1.3629534244537354
    ],
    "train_acc": [
      27.656,
      40.54,
      45.572,
      48.352,
      50.8
    ],