{
  "config": {
    "run_name": "exp1_1_L8_K64",
    "out_dir": "./results",
    "seed": 42,
    "device": null,
    "bs_train": 1024,
    "bs_test": 256,
    "batches": 1000,
    "epochs": 10,
    "early_stopping": 1,
    "checkpoints": null,
    "lr": 0.001,
    "reg": 0.001,
    "filters_per_layer": [
      64
    ],
    "layers_per_block": 8,
    "pool_every": 4,
    "hidden_dims": [
      1024
    ],
    "kernel_size": 3,
    "stride": 1,
    "padding": 1,
    "pooling_size": 2,
    "pooling_type": "avg",
    "activation_type": "lrelu",
    "model_type": "cnn",
    "kw": {}
  },
  "results": {
    "num_epochs": 3,
    "train_loss": [
      2.3028879165649414,
      2.3328118324279785,
      2.306216239929199,
      2.3025341033935547,
      2.3057878017425537,
      2.3058431148529053,
      2.3078088760375977,
      2.304680109024048,
      2.303213119506836,
      2.3046936988830566,
      2.3023502826690674,
      2.304959297180176,
      2.3019237518310547,
      2.302917242050171,
      2.3056039810180664,
      2.302334785461426,
      2.3031017780303955,
      2.302731513977051,
      2.3053102493286133,
      2.302943229675293,
      2.3035826683044434,
      2.3027637004852295,
      2.302945137023926,
      2.3023414611816406,
      2.3030383586883545,
      2.3036065101623535,
      2.3024306297302246,
      2.3030946254730225,
      2.3022072315216064,
      2.3024916648864746,
      2.303175210952759,
      2.3037612438201904,
      2.303922653198242,
      2.302899122238159,
      2.3031091690063477,
      2.303068161010742,
      2.3030381202697754,
      2.303068161010742,
      2.302863359451294,
      2.302940845489502,
      2.3030600547790527,
      2.3038370609283447,
      2.302582025527954,
      2.303243637084961,
      2.302837610244751,
      2.3029918670654297,
      2.3023202419281006,
      2.3022282123565674,
      2.3026413917541504,
      2.302628517150879,
      2.303571939468384,
      2.3029212951660156,
      2.3032569885253906,
      2.301952600479126,
      2.302394390106201,
      2.302473783493042,
      2.3036820888519287,
      2.3030765056610107,
      2.3026745319366455,
      2.302281141281128,
      2.302685022354126,
      2.3029794692993164,
      2.3025999069213867,
      2.302549123764038,
      2.303683042526245,
      2.3022422790527344,
      2.3029654026031494,
      2.3024847507476807,
      2.3042516708374023,
      2.302785634994507,
      2.3027312755584717,
      2.3028345108032227,
      2.302243947982788,
      2.3029162883758545,
      2.3027002811431885,
      2.3035359382629395,
      2.3026859760284424,
      2.302645206451416,
      2.302072048187256,
      2.3024353981018066,
      2.303018569946289,
      2.303483724594116,
      2.303917407989502,
      2.3029236793518066,
      2.3025715351104736,
      2.302701950073242,
      2.3026416301727295,
      2.3030409812927246,
      2.3027918338775635,
      2.3029088973999023,
      2.3029730319976807,
      2.303114414215088,
      2.3026182651519775,
      2.3031179904937744,
      2.3029086589813232,
      2.3029465675354004,
      2.3027825355529785,
      2.302368640899658,
      2.302687883377075,
      2.3026018142700195,
      2.3032171726226807,
      2.3027145862579346,
      2.303100109100342,
      2.301983594894409,
      2.302391767501831,
      2.3025171756744385,
      2.303260564804077,
      2.3026225566864014,
      2.3025951385498047,
      2.30228853225708,
      2.3026466369628906,
      2.302807092666626,
      2.302497386932373,
      2.3024706840515137,
      2.3035836219787598,
      2.302090644836426,
      2.3030245304107666,
      2.302220106124878,
      2.3043034076690674,
      2.3029279708862305,
      2.302435874938965,
      2.3028929233551025,
      2.30237078666687,
      2.3025758266448975,
      2.3024468421936035,
      2.303090810775757,
      2.3024415969848633,
      2.3025455474853516,
      2.3022570610046387,
      2.302462577819824,
      2.302936553955078,
      2.3036274909973145,
      2.3034958839416504,
      2.302858591079712,
      2.302771806716919,
      2.3026838302612305,
      2.302809715270996,
      2.302915334701538,
      2.302671432495117,
      2.3026652336120605,
      2.3027243614196777,
      2.3032796382904053,
      2.302515983581543,
      2.3030078411102295,
      2.3026845455169678,
      2.3028769493103027,
      2.3023109436035156,
      2.30243182182312,
      2.3023056983947754,
      2.3026862144470215,
      2.302989959716797,
      2.302581787109375,
      2.3029184341430664,
      2.302163600921631,
      2.3024706840515137,
      2.302578926086426,
      2.3031280040740967,
      2.3026206493377686,
      2.302612066268921,
      2.302522897720337,
      2.3028159141540527,
      2.3023111820220947,
      2.3024492263793945,
      2.302553176879883,
      2.3035051822662354,
      2.30218768119812,
      2.3028860092163086,
      2.3023157119750977,
      2.303956985473633,
      2.302910089492798,
      2.302295207977295,
      2.3030190467834473,
      2.3022122383117676,
      2.3027143478393555,
      2.302633047103882,
      2.302980661392212,
      2.3024821281433105,
      2.3025717735290527,
      2.3023428916931152,
      2.3024206161499023,
      2.3026323318481445,
      2.3032350540161133,
      2.303316831588745,
      2.302577257156372,
      2.302971601486206,
      2.3028323650360107,
      2.3030176162719727,
      2.302946090698242,
      2.3025600910186768,
      2.3027591705322266,
      2.3026461601257324,
      2.3031318187713623,
      2.302525043487549,
      2.302959442138672,
      2.302668571472168,
      2.3028719425201416,
      2.302309036254883,
      2.3023273944854736,
      2.3022336959838867,
      2.302532434463501,
      2.3029448986053467,
      2.302534818649292,
      2.3027989864349365,
      2.3021278381347656,
      2.302469491958618,
      2.3025333881378174,
      2.303095817565918,
      2.3026537895202637,
      2.302597761154175,
      2.302708148956299,
      2.302762269973755,
      2.302297353744507,
      2.3025481700897217,
      2.302623748779297,
      2.3032727241516113,
      2.3023905754089355,
      2.302757740020752,
      2.3022773265838623,
      2.30353045463562,
      2.302825689315796,
      2.302326202392578,
      2.3029966354370117,
      2.3022100925445557,
      2.302530527114868,
      2.3025941848754883,
      2.303018569946289,
      2.302579879760742,
      2.3029115200042725,
      2.30245041847229,
      2.302427053451538,
      2.3028111457824707,
      2.3030803203582764,
      2.303363561630249,
      2.3027560710906982,
      2.3026320934295654,
      2.302643299102783,
      2.3027565479278564,
      2.3026485443115234,
      2.302603006362915,
      2.3026680946350098,
      2.3025927543640137,
      2.3030130863189697,
      2.302525281906128,
      2.302844524383545,
      2.3026552200317383,
      2.30279803276062,
      2.30234432220459,
      2.3023409843444824,
      2.3022258281707764,
      2.3027029037475586
    ],
    "train_acc": [
      9.852,
      9.96,
      10.102,
      10.034,
      10.0
    ],