{
  "config": {
    "run_name": "exp1_4_L16_K32",
    "out_dir": "./results",
    "seed": 42,
    "device": null,
    "bs_train": 1024,
    "bs_test": 256,
    "batches": 1000,
    "epochs": 10,
    "early_stopping": 2,
    "checkpoints": null,
    "lr": 0.001,
    "reg": 0.001,
    "filters_per_layer": [
      32
    ],
    "layers_per_block": 16,
    "pool_every": 9,
    "hidden_dims": [
      1024
    ],
    "pooling_kernel_size": 3,
    "stride": 1,
    "padding": 6,
    "pooling_size": 2,
    "pooling_type": "avg",
    "activation_type": "lrelu",
    "model_type": "resnet",
    "kw": {}
  },
  "results": {
    "num_epochs": 5,
    "train_loss": [
      2.304131031036377,
      2.2939453125,
      2.2834646701812744,
      2.276427984237671,
      2.2642931938171387,
      2.257622241973877,
      2.2591209411621094,
      2.2407729625701904,
      2.2299673557281494,
      2.217987298965454,
      2.2034828662872314,
      2.1938464641571045,
      2.1674468517303467,
      2.1595208644866943,
      2.161085844039917,
      2.1433236598968506,
      2.129034996032715,
      2.1164939403533936,
      2.097900152206421,
      2.07593035697937,
      2.0698347091674805,
      2.0505175590515137,
      2.0792136192321777,
      2.014331102371216,
      2.036137580871582,
      2.0363659858703613,
      2.0061025619506836,
      2.023561477661133,
      2.028846502304077,
      2.009061098098755,
      2.021411657333374,
      2.041386604309082,
      1.999993920326233,
      2.0085904598236084,
      1.9869587421417236,
      1.9946666955947876,
      1.977501630783081,
      2.0191030502319336,
      1.9691795110702515,
      2.0016884803771973,
      1.9944932460784912,
      1.9929357767105103,
      1.9787908792495728,
      1.9409476518630981,
      1.9759199619293213,
      1.9663077592849731,
      1.9657378196716309,
      1.9443556070327759,
      1.970212697982788,
      1.962173342704773,
      1.9174643754959106,
      1.9221808910369873,
      1.9483298063278198,
      1.929942011833191,
      1.9064271450042725,
      1.9535796642303467,
      1.9289041757583618,
      1.917786955833435,
      1.9681905508041382,
      1.931646704673767,
      1.9421212673187256,
      1.9336460828781128,
      1.8985073566436768,
      1.92124342918396,
      1.9334907531738281,
      1.9557814598083496,
      1.9344964027404785,
      1.90800142288208,
      1.9123364686965942,
      1.889899492263794,
      1.8800932168960571,
      1.869638204574585,
      1.8747063875198364,
      1.8487043380737305,
      1.8659398555755615,
      1.8928189277648926,
      1.8519768714904785,
      1.8814035654067993,
      1.8717584609985352,
      1.8542439937591553,
      1.8724254369735718,
      1.8934229612350464,
      1.8915404081344604,
      1.9018595218658447,
      1.8696269989013672,
      1.8482701778411865,
      1.8423315286636353,
      1.8753230571746826,
      1.856667160987854,
      1.8587960004806519,
      1.859603762626648,
      1.8547407388687134,
      1.8641952276229858,
      1.8211944103240967,
      1.8611218929290771,
      1.8392995595932007,
      1.8268005847930908,
      1.808388113975525,
      1.8575748205184937,
      1.858474612236023,
      1.8107787370681763,
      1.8123592138290405,
      1.8144654035568237,
      1.8410228490829468,
      1.776025652885437,
      1.8803379535675049,
      1.782853603363037,
      1.8070378303527832,
      1.8686631917953491,
      1.8236750364303589,
      1.8582632541656494,
      1.8264652490615845,
      1.8047279119491577,
      1.8159735202789307,
      1.8262572288513184,
      1.8503936529159546,
      1.7921922206878662,
      1.783732295036316,
      1.8021864891052246,
      1.767490267753601,
      1.7817480564117432,
      1.768347978591919,
      1.7560089826583862,
      1.713176965713501,
      1.7623240947723389,
      1.7820481061935425,
      1.7233625650405884,
      1.7581881284713745,
      1.7424629926681519,
      1.741536259651184,
      1.7723921537399292,
      1.795172929763794,
      1.8374817371368408,
      1.7736159563064575,
      1.8015483617782593,
      1.748020887374878,
      1.766188621520996,
      1.7698683738708496,
      1.8119614124298096,
      1.7731877565383911,
      1.7827616930007935,
      1.7587071657180786,
      1.7657487392425537,
      1.7388074398040771,
      1.7694165706634521,
      1.743496060371399,
      1.7434054613113403,
      1.7095438241958618,
      1.7674610614776611,
      1.7085087299346924,
      1.6999502182006836,
      1.6988306045532227,
      1.7205588817596436,
      1.7396786212921143,
      1.6901863813400269,
      1.7145519256591797,
      1.6614552736282349,
      1.7334345579147339,
      1.7582992315292358,
      1.7198498249053955,
      1.7593549489974976,
      1.7230149507522583,
      1.7068965435028076,
      1.7423075437545776,
      1.7446407079696655,
      1.7721389532089233,
      1.6761614084243774,
      1.7267283201217651,
      1.713935136795044,
      1.7073365449905396,
      1.7248075008392334,
      1.6885721683502197,
      1.7038203477859497,
      1.6149954795837402,
      1.683632731437683,
      1.685589075088501,
      1.649731159210205,
      1.686013102531433,
      1.6484025716781616,
      1.6290454864501953,
      1.6928882598876953,
      1.7099412679672241,
      1.6845958232879639,
      1.7152668237686157,
      1.643320918083191,
      1.6814523935317993,
      1.6661109924316406,
      1.7039930820465088,
      1.663843035697937,
      1.6704460382461548,
      1.644720435142517,
      1.6497761011123657,
      1.6732271909713745,
      1.6222996711730957,
      1.6650912761688232,
      1.6227387189865112,
      1.6241458654403687,
      1.5943872928619385,
      1.6589281558990479,
      1.5643776655197144,
      1.6916835308074951,
      1.679324746131897,
      1.6502872705459595,
      1.7215555906295776,
      1.6186860799789429,
      1.6399335861206055,
      1.6112436056137085,
      1.6110122203826904,
      1.6399635076522827,
      1.6023201942443848,
      1.6428959369659424,
      1.6250325441360474,
      1.6258689165115356,
      1.607897162437439,
      1.6467339992523193,
      1.673555612564087,
      1.5858713388442993,
      1.5936753749847412,
      1.5908002853393555,
      1.604297399520874,
      1.5923746824264526,
      1.5986833572387695,
      1.5619287490844727,
      1.5418776273727417,
      1.5301392078399658,
      1.602109670639038,
      1.5678788423538208,
      1.5887689590454102,
      1.5350285768508911,
      1.5633761882781982,
      1.5898042917251587,
      1.6457337141036987,
      1.586907148361206,
      1.6523830890655518,
      1.5577315092086792,
      1.5433955192565918,
      1.5647573471069336,
      1.5874192714691162,
      1.6052230596542358,
      1.5836951732635498,
      1.5295369625091553,
      1.5720877647399902,
      1.550399899482727,
      1.5362963676452637,
      1.5779218673706055,
      1.5038992166519165,
      1.534665584564209,
      1.517202615737915,
      1.549570083618164,
      1.4722577333450317,
      1.5598325729370117,
      1.5011918544769287,
      1.5868984460830688,
      1.540414810180664,
      1.5451055765151978,
      1.5203890800476074,
      1.513669490814209,
      1.5337440967559814,
      1.506290316581726,
      1.5206001996994019,
      1.539329171180725,
      1.5362768173217773,
      1.498996615409851,
      1.5391178131103516,
      1.5464890003204346,
      1.5869048833847046,
      1.4998738765716553,
      1.4872466325759888,
      1.5058258771896362,
      1.522960901260376,
      1.5026308298110962,
      1.5141736268997192,
      1.472902774810791,
      1.5462092161178589,
      1.5286301374435425,
      1.5230622291564941,
      1.5747748613357544,
      1.5539989471435547,
      1.503963589668274,
      1.559255838394165,
      1.5226655006408691,
      1.5966321229934692,
      1.5699098110198975,
      1.580949068069458,
      1.5316609144210815,
