{
  "config": {
    "run_name": "exp1_2_L8_K128",
    "out_dir": "./results",
    "seed": 42,
    "device": null,
    "bs_train": 1024,
    "bs_test": 256,
    "batches": 1000,
    "epochs": 10,
    "early_stopping": 1,
    "checkpoints": null,
    "lr": 0.001,
    "reg": 0.001,
    "filters_per_layer": [
      128
    ],
    "layers_per_block": 8,
    "pool_every": 4,
    "hidden_dims": [
      100
    ],
    "kernel_size": 3,
    "stride": 1,
    "padding": 1,
    "pooling_size": 2,
    "pooling_type": "avg",
    "activation_type": "lrelu",
    "model_type": "cnn",
    "kw": {}
  },
  "results": {
    "num_epochs": 3,
    "train_loss": [
      2.304311513900757,
      2.306264877319336,
      2.3036587238311768,
      2.3036179542541504,
      2.3035221099853516,
      2.3034162521362305,
      2.3099069595336914,
      2.3042469024658203,
      2.303922653198242,
      2.304265022277832,
      2.303891658782959,
      2.3013439178466797,
      2.3040876388549805,
      2.3034377098083496,
      2.302323341369629,
      2.3021645545959473,
      2.304399013519287,
      2.3032615184783936,
      2.3031468391418457,
      2.303252935409546,
      2.3028173446655273,
      2.303347110748291,
      2.303537130355835,
      2.3033359050750732,
      2.303230047225952,
      2.302581548690796,
      2.301828145980835,
      2.302725076675415,
      2.302680015563965,
      2.302870512008667,
      2.3035624027252197,
      2.3037381172180176,
      2.3030755519866943,
      2.3032400608062744,
      2.3027384281158447,
      2.302687406539917,
      2.302744150161743,
      2.3025765419006348,
      2.302638530731201,
      2.3031156063079834,
      2.3023080825805664,
      2.3040406703948975,
      2.3031256198883057,
      2.302781820297241,
      2.3030881881713867,
      2.3026793003082275,
      2.303124189376831,
      2.302490234375,
      2.3020179271698,
      2.3049092292785645,
      2.303227424621582,
      2.302316427230835,
      2.3028292655944824,
      2.3016436100006104,
      2.3028156757354736,
      2.302642345428467,
      2.3036375045776367,
      2.303741693496704,
      2.30293607711792,
      2.302388906478882,
      2.303290843963623,
      2.302703857421875,
      2.3029165267944336,
      2.3025097846984863,
      2.3028669357299805,
      2.3020222187042236,
      2.303201198577881,
      2.3021621704101562,
      2.3042523860931396,
      2.3031396865844727,
      2.3025166988372803,
      2.303621768951416,
      2.3022124767303467,
      2.303201675415039,
      2.303162097930908,
      2.302618980407715,
      2.302406072616577,
      2.3029091358184814,
      2.3022031784057617,
      2.302530527114868,
      2.303091526031494,
      2.302961826324463,
      2.3029396533966064,
      2.3032186031341553,
      2.302811622619629,
      2.3028693199157715,
      2.303118944168091,
      2.3024799823760986,
      2.3024003505706787,
      2.302872896194458,
      2.302236318588257,
      2.3038222789764404,
      2.3028671741485596,
      2.3026607036590576,
      2.3028032779693604,
      2.3025434017181396,
      2.303054094314575,
      2.302375316619873,
      2.301948308944702,
      2.304781198501587,
      2.3030900955200195,
      2.3020823001861572,
      2.3023931980133057,
      2.3015360832214355,
      2.302767276763916,
      2.3025715351104736,
      2.3037195205688477,
      2.3036773204803467,
      2.3029518127441406,
      2.3029961585998535,
      2.3030200004577637,
      2.302506685256958,
      2.3030307292938232,
      2.302652597427368,
      2.3023788928985596,
      2.302549362182617,
      2.302797794342041,
      2.302428722381592,
      2.303330421447754,
      2.3026349544525146,
      2.302553415298462,
      2.3029496669769287,
      2.302277088165283,
      2.303274393081665,
      2.3029091358184814,
      2.3027663230895996,
      2.3026201725006104,
      2.302891492843628,
      2.3019988536834717,
      2.302419424057007,
      2.3025989532470703,
      2.302845001220703,
      2.3036324977874756,
      2.3031039237976074,
      2.302706718444824,
      2.3029351234436035,
      2.30316162109375,
      2.3025262355804443,
      2.3024473190307617,
      2.302884817123413,
      2.3022961616516113,
      2.3034822940826416,
      2.302838087081909,
      2.302586078643799,
      2.3027679920196533,
      2.302554130554199,
      2.3031084537506104,
      2.3025684356689453,
      2.302034854888916,
      2.304565668106079,
      2.3029110431671143,
      2.3021345138549805,
      2.302428722381592,
      2.301720380783081,
      2.302622079849243,
      2.3026161193847656,
      2.303518295288086,
      2.3034372329711914,
      2.302960157394409,
      2.3028135299682617,
      2.3029134273529053,
      2.302459478378296,
      2.3029088973999023,
      2.302741289138794,
      2.3025197982788086,
      2.302685499191284,
      2.3028180599212646,
      2.3026890754699707,
      2.302664279937744,
      2.3026084899902344,
      2.3026225566864014,
      2.302731990814209,
      2.3024845123291016,
      2.3030662536621094,
      2.302849292755127,
      2.30271315574646,
      2.3026435375213623,
      2.3029510974884033,
      2.302320957183838,
      2.3025999069213867,
      2.302816390991211,
      2.302997350692749,
      2.3037006855010986,
      2.30293345451355,
      2.30255389213562,
      2.3026812076568604,
      2.302687883377075,
      2.302398681640625,
      2.30260968208313,
      2.302786111831665,
      2.3024721145629883,
      2.3032302856445312,
      2.302755117416382,
      2.302546501159668,
      2.3027377128601074,
      2.3026247024536133,
      2.3029184341430664,
      2.3025712966918945,
      2.3020823001861572,
      2.304094076156616,
      2.3028151988983154,
      2.3022284507751465,
      2.302530288696289,
      2.3019208908081055,
      2.302501678466797,
      2.3025190830230713,
      2.3034756183624268,
      2.303250551223755,
      2.302840232849121,
      2.3028769493103027,
      2.3026866912841797,
      2.3025565147399902,
      2.302821397781372,
      2.30277681350708,
      2.3027095794677734,
      2.3027851581573486,
      2.3028182983398438,
      2.3027403354644775,
      2.3024585247039795,
      2.3026678562164307,
      2.3026294708251953,
      2.3027265071868896,
      2.302704095840454,
      2.3029210567474365,
      2.3028762340545654,
      2.3026745319366455,
      2.3026976585388184,
      2.3027617931365967,
      2.302462577819824,
      2.3026270866394043,
      2.302520513534546,
      2.3026700019836426,
      2.3034415245056152,
      2.3027350902557373,
      2.302579879760742,
      2.3026986122131348,
      2.302666187286377,
      2.3024446964263916,
      2.3027005195617676,
      2.3028182983398438,
      2.3026046752929688,
      2.303009033203125,
      2.3027162551879883,
      2.3024542331695557,
      2.3026363849639893,
      2.302553415298462,
      2.302859306335449,
      2.302644968032837,
      2.302217960357666,
      2.303854465484619
    ],
    "train_acc": [
      10.168,
      9.946,
      9.848,
      9.808,
      9.808
    ],