{
  "config": {
    "run_name": "exp1_1_L2_K32",
    "out_dir": "./results",
    "seed": 42,
    "device": null,
    "bs_train": 1024,
    "bs_test": 256,
    "batches": 1000,
    "epochs": 10,
    "early_stopping": 1,
    "checkpoints": null,
    "lr": 0.001,
    "reg": 0.001,
    "filters_per_layer": [
      32
    ],
    "layers_per_block": 2,
    "pool_every": 2,
    "hidden_dims": [
      1024
    ],
    "kernel_size": 3,
    "stride": 1,
    "padding": 1,
    "pooling_size": 2,
    "pooling_type": "avg",
    "activation_type": "lrelu",
    "model_type": "cnn",
    "kw": {}
  },
  "results": {
    "num_epochs": 3,
    "train_loss": [
      2.301496744155884,
      2.513793706893921,
      2.33686900138855,
      2.3951821327209473,
      2.3106586933135986,
      2.2683839797973633,
      2.264930248260498,
      2.2643802165985107,
      2.278958320617676,
      2.2284398078918457,
      2.20089054107666,
      2.1860952377319336,
      2.171173095703125,
      2.1636884212493896,
      2.156646966934204,
      2.1418888568878174,
      2.1358911991119385,
      2.119235038757324,
      2.1067111492156982,
      2.0846548080444336,
      2.0744898319244385,
      2.047870635986328,
      2.058715581893921,
      1.9922962188720703,
      2.0199882984161377,
      2.0005459785461426,
      1.9933292865753174,
      1.9900580644607544,
      2.0142250061035156,
      1.9961367845535278,
      1.9786208868026733,
      2.0065343379974365,
      1.9589277505874634,
      1.9657845497131348,
      1.937369465827942,
      1.9320281744003296,
      1.9189159870147705,
      1.9601482152938843,
      1.9233739376068115,
      1.9390908479690552,
      1.9318045377731323,
      1.9235389232635498,
      1.9173227548599243,
      1.8711419105529785,
      1.8821008205413818,
      1.9066048860549927,
      1.86916184425354,
      1.8489322662353516,
      1.8898581266403198,
      1.8634940385818481,
      1.8330647945404053,
      1.8229708671569824,
      1.8513240814208984,
      1.845123291015625,
      1.8244231939315796,
      1.843532919883728,
      1.8178393840789795,
      1.8279472589492798,
      1.8301621675491333,
      1.8509808778762817,
      1.8787050247192383,
      1.8453632593154907,
      1.8289214372634888,
      1.8541935682296753,
      1.8547202348709106,
      1.891540288925171,
      1.82249116897583,
      1.8373515605926514,
      1.8273283243179321,
      1.795188069343567,
      1.8160266876220703,
      1.782957911491394,
      1.8203544616699219,
      1.7279893159866333,
      1.7588571310043335,
      1.7706705331802368,
      1.7564841508865356,
      1.7963558435440063,
      1.7733407020568848,
      1.792502760887146,
      1.7844830751419067,
      1.8119440078735352,
      1.7946999073028564,
      1.829412817955017,
      1.7609524726867676,
      1.7570900917053223,
      1.7397218942642212,
      1.8010985851287842,
      1.7502480745315552,
      1.7771459817886353,
      1.7812544107437134,
      1.7612134218215942,
      1.7672659158706665,
      1.73102605342865,
      1.7493830919265747,
      1.7694389820098877,
      1.7282651662826538,
      1.7230603694915771,
      1.7749196290969849,
      1.7329909801483154,
      1.7034369707107544,
      1.7011319398880005,
      1.7156951427459717,
      1.731850266456604,
      1.7078348398208618,
      1.7347729206085205,
      1.68816339969635,
      1.7032215595245361,
      1.716320276260376,
      1.7356297969818115,
      1.7823480367660522,
      1.718544363975525,
      1.7466202974319458,
      1.7270500659942627,
      1.7324035167694092,
      1.7941447496414185,
      1.6930662393569946,
      1.7042161226272583,
      1.7244484424591064,
      1.696737289428711,
      1.6904447078704834,
      1.681298851966858,
      1.6930392980575562,
      1.6389116048812866,
      1.6451983451843262,
      1.6770519018173218,
      1.64047372341156,
      1.72794508934021,
      1.6746790409088135,
      1.6803126335144043,
      1.6969436407089233,
      1.7100284099578857,
      1.6904191970825195,
      1.7540104389190674,
      1.6721819639205933,
      1.6761305332183838,
      1.6417231559753418,
      1.7038484811782837,
      1.6697279214859009,
      1.6909126043319702,
      1.6845539808273315,
      1.6933830976486206,
      1.6809126138687134,
      1.642906665802002,
      1.682610273361206,
      1.6752774715423584,
      1.6503243446350098,
      1.6415884494781494,
      1.674416184425354,
      1.6771490573883057,
      1.614066481590271,
      1.589611291885376,
      1.6322718858718872,
      1.6513350009918213,
      1.637079119682312,
      1.6507166624069214,
      1.5952365398406982,
      1.628981113433838,
      1.6428364515304565,
      1.6363435983657837,
      1.7198268175125122,
      1.6324468851089478,
      1.6768572330474854,
      1.6307116746902466,
      1.6481727361679077,
      1.7086780071258545,
      1.609036922454834,
      1.6170307397842407,
      1.6268744468688965,
      1.624058723449707,
      1.6167982816696167,
      1.6082186698913574,
      1.6158584356307983,
      1.55482017993927,
      1.554577112197876,
      1.6200811862945557,
      1.5469017028808594,
      1.6353070735931396,
      1.6086024045944214,
      1.5991123914718628,
      1.6166800260543823,
      1.6175785064697266,
      1.614770770072937,
      1.6712406873703003,
      1.606242060661316,
      1.5941325426101685,
      1.5771976709365845,
      1.622381567955017,
      1.5948559045791626,
      1.6214464902877808,
      1.6150023937225342,
      1.615411639213562,
      1.6015244722366333,
      1.5831371545791626,
      1.6204136610031128,
      1.59523344039917,
      1.582341194152832,
      1.5762652158737183,
      1.6186672449111938,
      1.6036769151687622,
      1.5501306056976318,
      1.5364964008331299,
      1.5760862827301025,
      1.5900723934173584,
      1.5777446031570435,
      1.6099095344543457,
      1.5264495611190796,
      1.5796319246292114,
      1.5944052934646606,
      1.5756651163101196,
      1.6562774181365967,
      1.5716835260391235,
      1.6343152523040771,
      1.5707623958587646,
      1.603999376296997,
      1.66657292842865,
      1.540515422821045,
      1.5669138431549072,
      1.5812444686889648,
      1.570218801498413,
      1.5622522830963135,
      1.5520529747009277,
      1.5415968894958496,
      1.5006440877914429,
      1.4964779615402222,
      1.5589693784713745,
      1.4914606809616089,
      1.581421971321106,
      1.5365641117095947,
      1.5455708503723145,
      1.567793607711792,
      1.5551151037216187,
      1.5574946403503418,
      1.6239545345306396,
      1.5563371181488037,
      1.5382916927337646,
      1.5325708389282227,
      1.5732883214950562,
      1.5493221282958984,
      1.5756186246871948,
      1.5654140710830688,
      1.5698795318603516,
      1.559669017791748,
      1.5384488105773926,
      1.5759587287902832,
      1.5436784029006958,
      1.5363788604736328,
      1.5253028869628906,
      1.5708277225494385,
      1.5541414022445679
    ],
    "train_acc": [
      25.796,
      36.582,
      39.984,
      42.808,
      44.578
    ],