{
  "config": {
    "run_name": "exp1_4_L8_K64-128-256",
    "out_dir": "./results",
    "seed": 42,
    "device": null,
    "bs_train": 1024,
    "bs_test": 256,
    "batches": 1000,
    "epochs": 20,
    "early_stopping": 2,
    "checkpoints": null,
    "lr": 0.001,
    "reg": 0.001,
    "filters_per_layer": [
      64,
      128,
      256
    ],
    "layers_per_block": 8,
    "pool_every": 8,
    "hidden_dims": [
      1024
    ],
    "pooling_kernel_size": 3,
    "stride": 1,
    "padding": 6,
    "pooling_size": 2,
    "pooling_type": "avg",
    "activation_type": "lrelu",
    "model_type": "resnet",
    "kw": {}
  },
  "results": {
    "num_epochs": 5,
    "train_loss": [
      2.303936719894409,
      2.3006346225738525,
      2.2994508743286133,
      2.2984883785247803,
      2.296435832977295,
      2.2940597534179688,
      2.297999620437622,
      2.2934000492095947,
      2.2893550395965576,
      2.2842628955841064,
      2.278163194656372,
      2.277012348175049,
      2.268928289413452,
      2.2622463703155518,
      2.2606091499328613,
      2.248434066772461,
      2.2489287853240967,
      2.23416805267334,
      2.2221734523773193,
      2.204341411590576,
      2.1898930072784424,
      2.1754019260406494,
      2.1935014724731445,
      2.154571294784546,
      2.149415969848633,
      2.159663438796997,
      2.121023178100586,
      2.1466329097747803,
      2.1340172290802,
      2.127638339996338,
      2.12990665435791,
      2.132240056991577,
      2.0899064540863037,
      2.157388687133789,
      2.1269381046295166,
      2.1130242347717285,
      2.1149160861968994,
      2.1503307819366455,
      2.08587646484375,
      2.125450611114502,
      2.122661828994751,
      2.1061439514160156,
      2.1133735179901123,
      2.0664632320404053,
      2.1054227352142334,
      2.1003878116607666,
      2.0936825275421143,
      2.0675885677337646,
      2.096315622329712,
      2.0644006729125977,
      2.0659070014953613,
      2.079102039337158,
      2.093662977218628,
      2.0520923137664795,
      2.0501315593719482,
      2.057398796081543,
      2.073298692703247,
      2.072737693786621,
      2.110255718231201,
      2.059068202972412,
      2.072298765182495,
      2.0642881393432617,
      2.049135446548462,
      2.061127185821533,
      2.0874600410461426,
      2.0922014713287354,
      2.098466157913208,
      2.0885894298553467,
      2.075655460357666,
      2.0684618949890137,
      2.0548832416534424,
      2.0592753887176514,
      2.062426805496216,
      2.0309324264526367,
      2.0466561317443848,
      2.0520949363708496,
      2.035956621170044,
      2.0664544105529785,
      2.058410882949829,
      2.051452159881592,
      2.060922861099243,
      2.0645368099212646,
      2.030585289001465,
      2.0408108234405518,
      2.0405325889587402,
      2.0204038619995117,
      2.03716778755188,
      2.062138080596924,
      2.042429208755493,
      2.0528018474578857,
      2.062897205352783,
      2.038658618927002,
      2.0670957565307617,
      2.0049331188201904,
      2.053910255432129,
      2.043498992919922,
      2.0390374660491943,
      2.004457473754883,
      2.0355873107910156,
      2.0125341415405273,
      1.9916293621063232,
      2.0226309299468994,
      2.028806686401367,
      1.990944743156433,
      1.9868639707565308,
      1.9995962381362915,
      2.004892349243164,
      1.990227222442627,
      2.0372726917266846,
      2.021763801574707,
      2.0301520824432373,
      2.0078697204589844,
      1.9800100326538086,
      1.9889534711837769,
      2.0171115398406982,
      2.031312942504883,
      2.0118391513824463,
      2.020423412322998,
      2.0106563568115234,
      2.012587785720825,
      1.9960523843765259,
      1.9847100973129272,
      2.000154733657837,
      1.954887866973877,
      1.992325782775879,
      1.999387264251709,
      1.9806772470474243,
      1.9997001886367798,
      1.9962221384048462,
      1.9791820049285889,
      2.00411319732666,
      1.9959841966629028,
      1.9613808393478394,
      1.998921275138855,
      1.9994981288909912,
      1.9511750936508179,
      1.9805630445480347,
      2.0146827697753906,
      1.9731836318969727,
      2.001283884048462,
      1.9959648847579956,
      1.9955193996429443,
      1.9993904829025269,
      1.9472979307174683,
      2.0014865398406982,
      1.9773732423782349,
      1.9809985160827637,
      1.9479107856750488,
      1.9803190231323242,
      1.9772956371307373,
      1.9569220542907715,
      1.9764490127563477,
      2.007538080215454,
      1.9514267444610596,
      1.9553529024124146,
      1.9889955520629883,
      1.9480128288269043,
      1.9570271968841553,
      2.005330801010132,
      1.9895923137664795,
      1.9462041854858398,
      1.9851566553115845,
      1.953852653503418,
      1.947593092918396,
      1.9895950555801392,
      1.9906779527664185,
      1.9918264150619507,
      1.9695539474487305,
      1.9787728786468506,
      1.9649380445480347,
      1.9485424757003784,
      1.9486212730407715,
      1.9517871141433716,
      1.9203824996948242,
      1.9352264404296875,
      1.9541910886764526,
      1.9282782077789307,
      1.9440925121307373,
      1.9465190172195435,
      1.9289933443069458,
      1.959275722503662,
      1.9458019733428955,
      1.918168306350708,
      1.9611974954605103,
      1.9387708902359009,
      1.9007384777069092,
      1.9423855543136597,
      1.95303213596344,
      1.9220895767211914,
      1.9554424285888672,
      1.9459011554718018,
      1.9291632175445557,
      1.954124927520752,
      1.8908692598342896,
      1.9571162462234497,
      1.906485915184021,
      1.9218990802764893,
      1.9008636474609375,
      1.93302583694458,
      1.924829363822937,
      1.8973034620285034,
      1.897872805595398,
      1.9475324153900146,
      1.897587537765503,
      1.9148675203323364,
      1.9227346181869507,
      1.9223213195800781,
      1.883519172668457,
      1.931047797203064,
      1.9062472581863403,
      1.9187883138656616,
      1.9128820896148682,
      1.88925302028656,
      1.9113719463348389,
      1.9098899364471436,
      1.9671839475631714,
      1.9227694272994995,
      1.9351444244384766,
      1.9174113273620605,
      1.9212311506271362,
      1.9163305759429932,
      1.885762333869934,
      1.9447669982910156,
      1.8688392639160156,
      1.9017553329467773,
      1.927272081375122,
      1.8737372159957886,
      1.8986027240753174,
      1.9102802276611328,
      1.8857756853103638,
      1.9088188409805298,
      1.9118248224258423,
      1.9020459651947021,
      1.9086806774139404,
      1.8903969526290894,
      1.875618815422058,
      1.9020237922668457,
      1.9244492053985596,
      1.8935918807983398,
      1.9122627973556519,
      1.9175444841384888,
      1.9081714153289795,
      1.9181724786758423,
      1.8628828525543213,
      1.9300309419631958,
      1.8851349353790283,
      1.8873742818832397,
      1.8711851835250854,
      1.9032210111618042,
      1.9048645496368408,
      1.862917423248291,
      1.8837031126022339,
      1.888511061668396,
      1.883731484413147,
      1.880761742591858,
      1.911313533782959,
      1.8760905265808105,
      1.8691425323486328,
      1.9058964252471924,
      1.8926457166671753,
      1.9062039852142334,
      1.887532353401184,
      1.8791003227233887,
      1.89328134059906,
      1.8903189897537231,
      1.9421868324279785,
      1.906498670578003,
      1.9102572202682495,
      1.8932980298995972,
      1.9025894403457642,
      1.8934017419815063,
      1.8648414611816406,
      1.913915991783142,
      1.8523463010787964,
      1.8815710544586182,
      1.898818016052246,
      1.8567888736724854,
      1.8852081298828125,
      1.8868170976638794,
      1.8604588508605957,
      1.891864538192749,
      1.8942128419876099,
      1.8881906270980835,
      1.885429859161377,
      1.867868423461914,
