{
  "config": {
    "run_name": "exp1_3_L1_K64-128-256",
    "out_dir": "./results",
    "seed": 42,
    "device": null,
    "bs_train": 1024,
    "bs_test": 256,
    "batches": 1000,
    "epochs": 10,
    "early_stopping": 1,
    "checkpoints": null,
    "lr": 0.001,
    "reg": 0.001,
    "filters_per_layer": [
      64,
      128,
      256
    ],
    "layers_per_block": 1,
    "pool_every": 1,
    "hidden_dims": [
      100
    ],
    "kernel_size": 3,
    "stride": 1,
    "padding": 1,
    "pooling_size": 2,
    "pooling_type": "avg",
    "activation_type": "lrelu",
    "model_type": "cnn",
    "kw": {}
  },
  "results": {
    "num_epochs": 3,
    "train_loss": [
      2.301581382751465,
      2.3048644065856934,
      2.2984619140625,
      2.296273708343506,
      2.291623592376709,
      2.284151077270508,
      2.289513111114502,
      2.276411771774292,
      2.2672832012176514,
      2.2587766647338867,
      2.2489283084869385,
      2.244140148162842,
      2.227865219116211,
      2.2131690979003906,
      2.201730251312256,
      2.1830451488494873,
      2.1976752281188965,
      2.163853168487549,
      2.1592259407043457,
      2.1362154483795166,
      2.100339889526367,
      2.09456467628479,
      2.1086244583129883,
      2.0397398471832275,
      2.065380573272705,
      2.0458457469940186,
      2.047684669494629,
      2.061652183532715,
      2.066098928451538,
      2.0439937114715576,
      2.0467772483825684,
      2.0511202812194824,
      1.9951115846633911,
      2.0071756839752197,
      1.9881372451782227,
      1.9737043380737305,
      1.9569898843765259,
      2.013613700866699,
      1.9714325666427612,
      1.992408275604248,
      1.9813345670700073,
      1.9631266593933105,
      1.9596238136291504,
      1.9164308309555054,
      1.952296257019043,
      1.9470689296722412,
      1.9334534406661987,
      1.9100505113601685,
      1.9292417764663696,
      1.9332274198532104,
      1.8907536268234253,
      1.8938668966293335,
      1.9080394506454468,
      1.9113366603851318,
      1.8674817085266113,
      1.9030249118804932,
      1.868472695350647,
      1.8772779703140259,
      1.9053219556808472,
      1.9109256267547607,
      1.8893582820892334,
      1.8896052837371826,
      1.8843172788619995,
      1.8860665559768677,
      1.9087401628494263,
      1.8879036903381348,
      1.8891438245773315,
      1.8630685806274414,
      1.8527562618255615,
      1.8460453748703003,
      1.8239333629608154,
      1.827980637550354,
      1.8229972124099731,
      1.7617335319519043,
      1.8001021146774292,
      1.8136707544326782,
      1.7866276502609253,
      1.8466111421585083,
      1.8414140939712524,
      1.8289633989334106,
      1.8305002450942993,
      1.8464667797088623,
      1.818681240081787,
      1.8342370986938477,
      1.7738866806030273,
      1.7764616012573242,
      1.760528564453125,
      1.8076342344284058,
      1.7835967540740967,
      1.805167555809021,
      1.7918829917907715,
      1.7893602848052979,
      1.7958489656448364,
      1.7522883415222168,
      1.7856305837631226,
      1.7787175178527832,
      1.770619511604309,
      1.7628837823867798,
      1.7755733728408813,
      1.7768619060516357,
      1.7315402030944824,
      1.7235578298568726,
      1.7295355796813965,
      1.7736597061157227,
      1.7287440299987793,
      1.7580870389938354,
      1.695281744003296,
      1.7055888175964355,
      1.7694147825241089,
      1.7480534315109253,
      1.7587473392486572,
      1.7335927486419678,
      1.7541180849075317,
      1.7331557273864746,
      1.746100902557373,
      1.7518247365951538,
      1.7048591375350952,
      1.7263178825378418,
      1.707292914390564,
      1.7024807929992676,
      1.700177788734436,
      1.6875171661376953,
      1.6904492378234863,
      1.6401546001434326,
      1.6628693342208862,
      1.7028111219406128,
      1.6515018939971924,
      1.7184853553771973,
      1.7155823707580566,
      1.701811671257019,
      1.6972301006317139,
      1.7078440189361572,
      1.6994162797927856,
      1.747212529182434,
      1.6722660064697266,
      1.6538256406784058,
      1.6522011756896973,
      1.687703251838684,
      1.6824496984481812,
      1.679336667060852,
      1.6805187463760376,
      1.688767433166504,
      1.6884472370147705,
      1.6524477005004883,
      1.6909431219100952,
      1.6766811609268188,
      1.6760567426681519,
      1.6485823392868042,
      1.6641098260879517,
      1.6744050979614258,
      1.6332825422286987,
      1.6337028741836548,
      1.6490880250930786,
      1.6970974206924438,
      1.6440739631652832,
      1.6840299367904663,
      1.5925788879394531,
      1.6433204412460327,
      1.6869336366653442,
      1.671170711517334,
      1.6966909170150757,
      1.6544963121414185,
      1.681971788406372,
      1.6573303937911987,
      1.666135549545288,
      1.6793246269226074,
      1.6178114414215088,
      1.6673232316970825,
      1.6299477815628052,
      1.6275708675384521,
      1.6529346704483032,
      1.6176093816757202,
      1.6153963804244995,
      1.5856845378875732,
      1.5975868701934814,
      1.64266037940979,
      1.5935719013214111,
      1.6528007984161377,
      1.6381843090057373,
      1.6360764503479004,
      1.6227058172225952,
      1.6496882438659668,
      1.6378387212753296,
      1.6816149950027466,
      1.6056722402572632,
      1.583641529083252,
      1.5993552207946777,
      1.6345117092132568,
      1.6337552070617676,
      1.6155381202697754,
      1.6239652633666992,
      1.6409493684768677,
      1.6333136558532715,
      1.6055673360824585,
      1.6405062675476074,
      1.6101970672607422,
      1.630743384361267,
      1.6023893356323242,
      1.6119633913040161,
      1.6066263914108276,
      1.5790393352508545,
      1.5762966871261597,
      1.6089575290679932,
      1.6389285326004028,
      1.5998114347457886,
      1.6409893035888672,
      1.547183871269226,
      1.5973551273345947,
      1.641428828239441,
      1.6210336685180664,
      1.6311322450637817,
      1.6264474391937256,
      1.6296323537826538,
      1.5991418361663818,
      1.627497911453247,
      1.6327029466629028,
      1.5562034845352173,
      1.6299992799758911,
      1.5922799110412598,
      1.5793073177337646,
      1.6176491975784302,
      1.5761257410049438,
      1.5685007572174072,
      1.5443766117095947,
      1.5593857765197754,
      1.6026123762130737,
      1.5482592582702637,
      1.6132744550704956,
      1.5932680368423462,
      1.593097448348999,
      1.5853888988494873,
      1.6108224391937256,
      1.5947705507278442,
      1.6413246393203735,
      1.5669182538986206,
      1.5452810525894165,
      1.564681887626648,
      1.6024821996688843,
      1.598667860031128,
      1.5843136310577393,
      1.58420729637146,
      1.6085495948791504,
      1.594923496246338,
      1.573664665222168,
      1.6062864065170288,
      1.562628149986267,
      1.5909228324890137,
      1.569193720817566,
      1.5759873390197754,
      1.5614802837371826
    ],
    "train_acc": [
      24.154,
      34.694,
      39.324,
      41.472,
      42.944
    ],