{
  "config": {
    "run_name": "exp1_2_L4_K64",
    "out_dir": "./results",
    "seed": 42,
    "device": null,
    "bs_train": 1024,
    "bs_test": 256,
    "batches": 1000,
    "epochs": 10,
    "early_stopping": 1,
    "checkpoints": null,
    "lr": 0.001,
    "reg": 0.001,
    "filters_per_layer": [
      64
    ],
    "layers_per_block": 4,
    "pool_every": 2,
    "hidden_dims": [
      1024
    ],
    "kernel_size": 3,
    "stride": 1,
    "padding": 1,
    "pooling_size": 2,
    "pooling_type": "avg",
    "activation_type": "lrelu",
    "model_type": "cnn",
    "kw": {}
  },
  "results": {
    "num_epochs": 3,
    "train_loss": [
      2.3038594722747803,
      2.3222270011901855,
      2.3018572330474854,
      2.2993972301483154,
      2.3000223636627197,
      2.298553943634033,
      2.3008663654327393,
      2.2948527336120605,
      2.2897071838378906,
      2.2864327430725098,
      2.2781567573547363,
      2.274048328399658,
      2.2625133991241455,
      2.2507195472717285,
      2.2428412437438965,
      2.226128101348877,
      2.218512535095215,
      2.198503255844116,
      2.1917243003845215,
      2.161790370941162,
      2.1371078491210938,
      2.128075361251831,
      2.1484882831573486,
      2.0796070098876953,
      2.109376907348633,
      2.0892333984375,
      2.078488349914551,
      2.08728289604187,
      2.0907957553863525,
      2.086916446685791,
      2.072749614715576,
      2.079392433166504,
      2.037057638168335,
      2.0380163192749023,
      2.023966073989868,
      2.008094310760498,
      1.9971221685409546,
      2.0445563793182373,
      1.9955028295516968,
      2.009045124053955,
      1.9911118745803833,
      1.9803969860076904,
      1.9689606428146362,
      1.929866909980774,
      1.9680802822113037,
      1.9513388872146606,
      1.9429057836532593,
      1.9125242233276367,
      1.9385219812393188,
      1.9317868947982788,
      1.8750298023223877,
      1.8995686769485474,
      1.902398705482483,
      1.8882547616958618,
      1.868701696395874,
      1.8773163557052612,
      1.857675552368164,
      1.8898613452911377,
      1.8898234367370605,
      1.8742156028747559,
      1.8938921689987183,
      1.8588253259658813,
      1.8360836505889893,
      1.8787058591842651,
      1.8816977739334106,
      1.9043147563934326,
      1.8450578451156616,
      1.8739941120147705,
      1.8248056173324585,
      1.8471616506576538,
      1.8176885843276978,
      1.8157720565795898,
      1.8466848134994507,
      1.7540189027786255,
      1.7870444059371948,
      1.7789738178253174,
      1.775839924812317,
      1.8318047523498535,
      1.7954243421554565,
      1.8094180822372437,
      1.8051893711090088,
      1.8139632940292358,
      1.8059437274932861,
      1.8166217803955078,
      1.760934829711914,
      1.7525067329406738,
      1.7348542213439941,
      1.7940822839736938,
      1.750204086303711,
      1.7854338884353638,
      1.7625027894973755,
      1.749251127243042,
      1.7640255689620972,
      1.7195430994033813,
      1.747986912727356,
      1.7419456243515015,
      1.72038996219635,
      1.7214778661727905,
      1.7477608919143677,
      1.7238417863845825,
      1.6857057809829712,
      1.6850569248199463,
      1.6884129047393799,
      1.7041089534759521,
      1.6939531564712524,
      1.7037969827651978,
      1.650868535041809,
      1.6966530084609985,
      1.7114874124526978,
      1.7004749774932861,
      1.735571026802063,
      1.6795231103897095,
      1.701574444770813,
      1.701696515083313,
      1.6924978494644165,
      1.7575838565826416,
      1.6487963199615479,
      1.6804291009902954,
      1.670292854309082,
      1.6639513969421387,
      1.667872667312622,
      1.6518700122833252,
      1.648699164390564,
      1.5788477659225464,
      1.596842885017395,
      1.633276343345642,
      1.5795772075653076,
      1.6602238416671753,
      1.6282837390899658,
      1.6449931859970093,
      1.6381289958953857,
      1.6331053972244263,
      1.6348592042922974,
      1.7079384326934814,
      1.6151381731033325,
      1.5891653299331665,
      1.5956181287765503,
      1.6370985507965088,
      1.606128215789795,
      1.6270712614059448,
      1.6159933805465698,
      1.6101218461990356,
      1.622458577156067,
      1.588287591934204,
      1.603805661201477,
      1.6097724437713623,
      1.5884058475494385,
      1.5668494701385498,
      1.597900629043579,
      1.5919780731201172,
      1.5602383613586426,
      1.54196298122406,
      1.5714038610458374,
      1.5679515600204468,
      1.5759894847869873,
      1.5682628154754639,
      1.5273089408874512,
      1.5772842168807983,
      1.575089931488037,
      1.5763150453567505,
      1.5925720930099487,
      1.5570385456085205,
      1.6021963357925415,
      1.5816500186920166,
      1.5993857383728027,
      1.667495846748352,
      1.511041522026062,
      1.6071864366531372,
      1.567273736000061,
      1.5849162340164185,
      1.5567452907562256,
      1.5527243614196777,
      1.5304622650146484,
      1.502754807472229,
      1.5168884992599487,
      1.5490559339523315,
      1.4854998588562012,
      1.5670922994613647,
      1.5435101985931396,
      1.5525118112564087,
      1.5575839281082153,
      1.5456887483596802,
      1.5681641101837158,
      1.6212352514266968,
      1.5297342538833618,
      1.5184822082519531,
      1.5232021808624268,
      1.565772533416748,
      1.527382493019104,
      1.5472391843795776,
      1.5517172813415527,
      1.5465664863586426,
      1.5470373630523682,
      1.5292963981628418,
      1.5333621501922607,
      1.531826138496399,
      1.5243051052093506,
      1.4981707334518433,
      1.5279394388198853,
      1.5141856670379639,
      1.4882490634918213,
      1.481034278869629,
      1.5103775262832642,
      1.494850516319275,
      1.511747121810913,
      1.508162021636963,
      1.4571905136108398,
      1.518963098526001,
      1.5138190984725952,
      1.5142972469329834,
      1.5308605432510376,
      1.4907958507537842,
      1.5558247566223145,
      1.5179290771484375,
      1.5419435501098633,
      1.610023856163025,
      1.4503527879714966,
      1.5471333265304565,
      1.5238226652145386,
      1.5217139720916748,
      1.5151784420013428,
      1.4884744882583618,
      1.4716582298278809,
      1.4514585733413696,
      1.4595903158187866,
      1.494360327720642,
      1.4284311532974243,
      1.5132838487625122,
      1.4798287153244019,
      1.489823341369629,
      1.496579647064209,
      1.4926151037216187,
      1.50547194480896,
      1.564961552619934,
      1.475135326385498,
      1.4742767810821533,
      1.4718668460845947,
      1.5129435062408447,
      1.4709545373916626,
      1.4964674711227417,
      1.5026278495788574,
      1.4959142208099365,
      1.495742917060852,
      1.4875843524932861,
      1.4872909784317017,
      1.473026990890503,
      1.4704440832138062,
      1.446152925491333,
      1.4796032905578613,
      1.4490258693695068
    ],
    "train_acc": [
      22.794,
      35.092,
      41.1,
      44.582,
      46.774
    ],