{
  "config": {
    "run_name": "exp1_1_L4_K64",
    "out_dir": "./results",
    "seed": 42,
    "device": null,
    "bs_train": 1024,
    "bs_test": 256,
    "batches": 1000,
    "epochs": 10,
    "early_stopping": 1,
    "checkpoints": null,
    "lr": 0.001,
    "reg": 0.001,
    "filters_per_layer": [
      64
    ],
    "layers_per_block": 4,
    "pool_every": 2,
    "hidden_dims": [
      1024
    ],
    "kernel_size": 3,
    "stride": 1,
    "padding": 1,
    "pooling_size": 2,
    "pooling_type": "avg",
    "activation_type": "lrelu",
    "model_type": "cnn",
    "kw": {}
  },
  "results": {
    "num_epochs": 3,
    "train_loss": [
      2.3038594722747803,
      2.3222270011901855,
      2.3018572330474854,
      2.2993972301483154,
      2.3000223636627197,
      2.298553943634033,
      2.3008663654327393,
      2.2948527336120605,
      2.2897071838378906,
      2.2864325046539307,
      2.2781569957733154,
      2.2740478515625,
      2.2625136375427246,
      2.2507193088531494,
      2.2428412437438965,
      2.2261271476745605,
      2.2185134887695312,
      2.198502779006958,
      2.191725492477417,
      2.1617908477783203,
      2.1371138095855713,
      2.1280808448791504,
      2.1484920978546143,
      2.079617977142334,
      2.1093814373016357,
      2.089251756668091,
      2.078505277633667,
      2.0872385501861572,
      2.0908584594726562,
      2.086982011795044,
      2.072812080383301,
      2.0793392658233643,
      2.03718900680542,
      2.038207530975342,
      2.0239362716674805,
      2.007974147796631,
      1.996830701828003,
      2.0445735454559326,
      1.9957635402679443,
      2.0090909004211426,
      1.990814208984375,
      1.9801604747772217,
      1.9687615633010864,
      1.9300358295440674,
      1.9681406021118164,
      1.9514158964157104,
      1.9423757791519165,
      1.9124082326889038,
      1.9381455183029175,
      1.9315094947814941,
      1.8743842840194702,
      1.8992891311645508,
      1.9019273519515991,
      1.8877079486846924,
      1.8681973218917847,
      1.8767238855361938,
      1.8573800325393677,
      1.889878511428833,
      1.8894351720809937,
      1.8736827373504639,
      1.8933871984481812,
      1.8583173751831055,
      1.8357524871826172,
      1.8781962394714355,
      1.880712866783142,
      1.9040751457214355,
      1.8448843955993652,
      1.8740004301071167,
      1.8252301216125488,
      1.8473905324935913,
      1.8184555768966675,
      1.8152750730514526,
      1.8480578660964966,
      1.753006100654602,
      1.7873998880386353,
      1.7794331312179565,
      1.7755664587020874,
      1.8319121599197388,
      1.7950937747955322,
      1.80862557888031,
      1.8058031797409058,
      1.8132011890411377,
      1.8055051565170288,
      1.8163869380950928,
      1.760793685913086,
      1.752270221710205,
      1.7361046075820923,
      1.7932772636413574,
      1.7496986389160156,
      1.7851563692092896,
      1.7626118659973145,
      1.749022364616394,
      1.763735055923462,
      1.719881534576416,
      1.7477209568023682,
      1.7415454387664795,
      1.7207303047180176,
      1.7202481031417847,
      1.7484681606292725,
      1.7241289615631104,
      1.6869089603424072,
      1.6848101615905762,
      1.6885384321212769,
      1.7046594619750977,
      1.694350242614746,
      1.7014511823654175,
      1.651286005973816,
      1.6985417604446411,
      1.7105488777160645,
      1.7004883289337158,
      1.7355238199234009,
      1.6794366836547852,
      1.7027350664138794,
      1.703230857849121,
      1.6923439502716064,
      1.7573153972625732,
      1.6482969522476196,
      1.6814241409301758,
      1.6707936525344849,
      1.66568922996521,
      1.6661999225616455,
      1.6516509056091309,
      1.6519880294799805,
      1.5801104307174683,
      1.5984599590301514,
      1.6323192119598389,
      1.5795032978057861,
      1.6594679355621338,
      1.629278540611267,
      1.6456208229064941,
      1.6386265754699707,
      1.6322561502456665,
      1.6363450288772583,
      1.704304814338684,
      1.6138008832931519,
      1.5878134965896606,
      1.5947233438491821,
      1.6362143754959106,
      1.6056599617004395,
      1.6294946670532227,
      1.617002010345459,
      1.6096512079238892,
      1.6204347610473633,
      1.5894707441329956,
      1.6051292419433594,
      1.6105973720550537,
      1.5906093120574951,
      1.5669310092926025,
      1.5987730026245117,
      1.5943942070007324,
      1.5592495203018188,
      1.542451024055481,
      1.5723828077316284,
      1.568274736404419,
      1.5775099992752075,
      1.569461703300476,
      1.5288176536560059,
      1.5776185989379883,
      1.5785603523254395,
      1.5770217180252075,
      1.598045825958252,
      1.5556296110153198,
      1.6045137643814087,
      1.5866258144378662,
      1.5975499153137207,
      1.6677098274230957,
      1.5137101411819458,
      1.6094704866409302,
      1.5679436922073364,
      1.5878348350524902,
      1.5605382919311523,
      1.554725170135498,
      1.534067988395691,
      1.504575490951538,
      1.521378517150879,
      1.5488193035125732,
      1.4864271879196167,
      1.5664482116699219,
      1.544784426689148,
      1.5551539659500122,
      1.5603947639465332,
      1.5455820560455322,
      1.5668227672576904,
      1.6220282316207886,
      1.5279139280319214,
      1.5220085382461548,
      1.525960087776184,
      1.5639270544052124,
      1.5276933908462524,
      1.5528428554534912,
      1.5489097833633423,
      1.545923113822937,
      1.546364665031433,
      1.5301576852798462,
      1.5363515615463257,
      1.532522439956665,
      1.5235002040863037,
      1.4978840351104736,
      1.5311205387115479,
      1.5144976377487183,
      1.4900556802749634,
      1.4769679307937622,
      1.5081876516342163,
      1.49518620967865,
      1.513519287109375,
      1.5099525451660156,
      1.457534909248352,
      1.5185132026672363,
      1.517237663269043,
      1.5145106315612793,
      1.5328025817871094,
      1.4882935285568237,
      1.5561820268630981,
      1.5267599821090698,
      1.5464054346084595,
      1.6138461828231812,
      1.4563628435134888,
      1.5481173992156982,
      1.523488163948059,
      1.5328854322433472,
      1.5154668092727661,
      1.4946309328079224,
      1.475283145904541,
      1.4573203325271606,
      1.4622111320495605,
      1.4975565671920776,
      1.4309413433074951,
      1.514594554901123,
      1.486893653869629,
      1.4892135858535767,
      1.4994276762008667,
      1.492427110671997,
      1.5126686096191406,
      1.5627495050430298,
      1.478905439376831,
      1.4724141359329224,
      1.4707508087158203,
      1.512162685394287,
      1.4750360250473022,
      1.5004942417144775,
      1.501875877380371,
      1.500179648399353,
      1.4944833517074585,
      1.4857474565505981,
      1.489890694618225,
      1.477889060974121,
      1.4726150035858154,
      1.4496339559555054,
      1.484112024307251,
      1.4547293186187744
    ],
    "train_acc": [
      22.802,
      35.096,
      41.106,
      44.476,
      46.642
    ],