{
  "config": {
    "run_name": "exp1_2_L4_K32",
    "out_dir": "./results",
    "seed": 42,
    "device": null,
    "bs_train": 1024,
    "bs_test": 256,
    "batches": 1000,
    "epochs": 10,
    "early_stopping": 1,
    "checkpoints": null,
    "lr": 0.001,
    "reg": 0.001,
    "filters_per_layer": [
      32
    ],
    "layers_per_block": 4,
    "pool_every": 2,
    "hidden_dims": [
      1024
    ],
    "kernel_size": 3,
    "stride": 1,
    "padding": 1,
    "pooling_size": 2,
    "pooling_type": "avg",
    "activation_type": "lrelu",
    "model_type": "cnn",
    "kw": {}
  },
  "results": {
    "num_epochs": 5,
    "train_loss": [
      2.3025505542755127,
      2.319476842880249,
      2.305673360824585,
      2.3043534755706787,
      2.30230450630188,
      2.3028948307037354,
      2.3042211532592773,
      2.302870750427246,
      2.3024539947509766,
      2.303704261779785,
      2.3009262084960938,
      2.301039695739746,
      2.3007917404174805,
      2.300459146499634,
      2.301941156387329,
      2.2987959384918213,
      2.2988240718841553,
      2.2976202964782715,
      2.299614667892456,
      2.2952404022216797,
      2.292860984802246,
      2.290715217590332,
      2.289787769317627,
      2.283393621444702,
      2.2825913429260254,
      2.27886700630188,
      2.271392822265625,
      2.2668745517730713,
      2.26145601272583,
      2.25243878364563,
      2.2465291023254395,
      2.239455223083496,
      2.2095696926116943,
      2.2063844203948975,
      2.1900711059570312,
      2.17716383934021,
      2.1728854179382324,
      2.1769649982452393,
      2.1494858264923096,
      2.1647698879241943,
      2.148045301437378,
      2.156385660171509,
      2.133348226547241,
      2.081435441970825,
      2.1056833267211914,
      2.095695972442627,
      2.093714714050293,
      2.075228452682495,
      2.0788538455963135,
      2.0826761722564697,
      2.0413761138916016,
      2.0478172302246094,
      2.0382285118103027,
      2.0462965965270996,
      2.038135528564453,
      2.027411699295044,
      2.020057439804077,
      2.0431501865386963,
      2.0445756912231445,
      2.0301384925842285,
      2.015566349029541,
      2.007502794265747,
      2.014540910720825,
      2.0036771297454834,
      2.024872064590454,
      2.0098366737365723,
      2.012849807739258,
      1.9881751537322998,
      1.9893982410430908,
      1.9691542387008667,
      1.9481227397918701,
      1.9505265951156616,
      1.9562580585479736,
      1.8952840566635132,
      1.9120432138442993,
      1.9225138425827026,
      1.9255493879318237,
      1.9449421167373657,
      1.9339423179626465,
      1.9273089170455933,
      1.934531569480896,
      1.936964750289917,
      1.9256701469421387,
      1.9390661716461182,
      1.9090405702590942,
      1.8879574537277222,
      1.8798452615737915,
      1.9341906309127808,
      1.893485426902771,
      1.9233635663986206,
      1.9106782674789429,
      1.8709098100662231,
      1.9030393362045288,
      1.8555651903152466,
      1.8746882677078247,
      1.8831084966659546,
      1.8654570579528809,
      1.8440580368041992,
      1.8849916458129883,
      1.8543847799301147,
      1.815887689590454,
      1.8175239562988281,
      1.8368011713027954,
      1.8344229459762573,
      1.8213858604431152,
      1.8313498497009277,
      1.8066526651382446,
      1.8240880966186523,
      1.844905138015747,
      1.8341165781021118,
      1.853529453277588,
      1.8130768537521362,
      1.8110700845718384,
      1.8534026145935059,
      1.8373711109161377,
      1.8573148250579834,
      1.8199697732925415,
      1.820639729499817,
      1.8050346374511719,
      1.7932162284851074,
      1.8025506734848022,
      1.767116665840149,
      1.805883765220642,
      1.736206293106079,
      1.7449606657028198,
      1.7570220232009888,
      1.7441002130508423,
      1.8120564222335815,
      1.7741096019744873,
      1.7771270275115967,
      1.7720125913619995,
      1.7942708730697632,
      1.8005053997039795,
      1.811970591545105,
      1.7495399713516235,
      1.7375202178955078,
      1.7273204326629639,
      1.7907553911209106,
      1.7362048625946045,
      1.7679847478866577,
      1.7622249126434326,
      1.7365938425064087,
      1.75534987449646,
      1.7198814153671265,
      1.7400304079055786,
      1.7414274215698242,
      1.7271629571914673,
      1.7233153581619263,
      1.760711431503296,
      1.7362734079360962,
      1.6942795515060425,
      1.6890127658843994,
      1.7067981958389282,
      1.7129758596420288,
      1.7008460760116577,
      1.723589301109314,
      1.674920678138733,
      1.6915128231048584,
      1.7321993112564087,
      1.6951435804367065,
      1.745544672012329,
      1.6875015497207642,
      1.7131613492965698,
      1.708530068397522,
      1.7162708044052124,
      1.7500935792922974,
      1.671362042427063,
      1.699393391609192,
      1.6886473894119263,
      1.6839545965194702,
      1.673027515411377,
      1.6660710573196411,
      1.6500688791275024,
      1.6212568283081055,
      1.6343284845352173,
      1.6480700969696045,
      1.6200063228607178,
      1.700201392173767,
      1.6673611402511597,
      1.664589524269104,
      1.6615407466888428,
      1.6817394495010376,
      1.689460277557373,
      1.7367109060287476,
      1.6570996046066284,
      1.6406123638153076,
      1.639280915260315,
      1.686792254447937,
      1.647248387336731,
      1.6713578701019287,
      1.6685280799865723,
      1.651742696762085,
      1.6693928241729736,
      1.6296941041946411,
      1.6441322565078735,
      1.6491053104400635,
      1.6386735439300537,
      1.6306898593902588,
      1.6549720764160156,
      1.6429425477981567,
      1.6180161237716675,
      1.597381830215454,
      1.618160605430603,
      1.617874264717102,
      1.624633550643921,
      1.6389079093933105,
      1.5724997520446777,
      1.612009048461914,
      1.6358264684677124,
      1.5969936847686768,
      1.6516187191009521,
      1.5975313186645508,
      1.6431801319122314,
      1.6293718814849854,
      1.6337134838104248,
      1.671250343322754,
      1.570331335067749,
      1.6292439699172974,
      1.6140687465667725,
      1.612484335899353,
      1.603291392326355,
      1.5709115266799927,
      1.5768831968307495,
      1.5450396537780762,
      1.5582902431488037,
      1.58574640750885,
      1.53749418258667,
      1.620362401008606,
      1.5836812257766724,
      1.589388132095337,
      1.5848989486694336,
      1.5964866876602173,
      1.6111410856246948,
      1.6717145442962646,
      1.5977102518081665,
      1.5624264478683472,
      1.5792183876037598,
      1.6092643737792969,
      1.578538417816162,
      1.601851224899292,
      1.6066770553588867,
      1.589915156364441,
      1.6124236583709717,
      1.5767191648483276,
      1.5805951356887817,
      1.5924729108810425,
      1.5712538957595825,
      1.5669403076171875,
      1.5876314640045166,
      1.5734822750091553,
      1.5631687641143799,
      1.5384304523468018,
      1.5629032850265503,
      1.5529621839523315,
      1.5662661790847778,
      1.5802996158599854,
      1.5118457078933716,
      1.5563998222351074,
      1.5782859325408936,
      1.5362900495529175,
      1.595648169517517,
      1.5451667308807373,
      1.5929683446884155,
      1.5737501382827759,
      1.582844614982605,
      1.6178021430969238,
      1.5037260055541992,
      1.587600588798523,
      1.5679254531860352,
      1.5709478855133057,
      1.5567165613174438,
      1.5248486995697021,
      1.5197685956954956,
      1.5054868459701538,
      1.513869047164917,
      1.546933650970459,
      1.487259864807129,
      1.5704429149627686,
      1.5314133167266846,
      1.538313627243042,
      1.531755805015564,
      1.543772578239441,
      1.563937783241272,
      1.6164820194244385,
      1.55223548412323,
      1.5158400535583496,
