{
  "config": {
    "run_name": "exp1_2_L8_K256",
    "out_dir": "./results",
    "seed": 42,
    "device": null,
    "bs_train": 1024,
    "bs_test": 256,
    "batches": 1000,
    "epochs": 10,
    "early_stopping": 1,
    "checkpoints": null,
    "lr": 0.001,
    "reg": 0.001,
    "filters_per_layer": [
      256
    ],
    "layers_per_block": 8,
    "pool_every": 4,
    "hidden_dims": [
      100
    ],
    "kernel_size": 3,
    "stride": 1,
    "padding": 1,
    "pooling_size": 2,
    "pooling_type": "avg",
    "activation_type": "lrelu",
    "model_type": "cnn",
    "kw": {}
  },
  "results": {
    "num_epochs": 3,
    "train_loss": [
      2.3023788928985596,
      2.3096566200256348,
      2.3061599731445312,
      2.3037853240966797,
      2.3058323860168457,
      2.30572509765625,
      2.305251359939575,
      2.3036611080169678,
      2.302406072616577,
      2.3002214431762695,
      2.3050358295440674,
      2.3032310009002686,
      2.3014352321624756,
      2.3019354343414307,
      2.3045897483825684,
      2.3023300170898438,
      2.302842617034912,
      2.3023993968963623,
      2.305774211883545,
      2.3039028644561768,
      2.301953077316284,
      2.304236650466919,
      2.3019418716430664,
      2.3028504848480225,
      2.303013563156128,
      2.302889347076416,
      2.3032467365264893,
      2.304729700088501,
      2.3025455474853516,
      2.302340030670166,
      2.303344964981079,
      2.3032355308532715,
      2.3040051460266113,
      2.303450584411621,
      2.304056167602539,
      2.303264856338501,
      2.3039443492889404,
      2.304171562194824,
      2.3026130199432373,
      2.3031699657440186,
      2.3034470081329346,
      2.301927089691162,
      2.3030340671539307,
      2.3041415214538574,
      2.3027825355529785,
      2.3033390045166016,
      2.3028695583343506,
      2.3033154010772705,
      2.3023836612701416,
      2.30452036857605,
      2.3034255504608154,
      2.3025121688842773,
      2.3026998043060303,
      2.3018932342529297,
      2.3027751445770264,
      2.3023488521575928,
      2.303863525390625,
      2.303471326828003,
      2.302792549133301,
      2.302103281021118,
      2.3030855655670166,
      2.3027846813201904,
      2.3022449016571045,
      2.3022356033325195,
      2.303797960281372,
      2.302112340927124,
      2.3026719093322754,
      2.3024368286132812,
      2.3052268028259277,
      2.303633213043213,
      2.301805257797241,
      2.303415298461914,
      2.302325963973999,
      2.303373098373413,
      2.3027610778808594,
      2.3026645183563232,
      2.3036065101623535,
      2.304476022720337,
      2.302621841430664,
      2.302520275115967,
      2.302400827407837,
      2.3023264408111572,
      2.3032422065734863,
      2.3026106357574463,
      2.303940534591675,
      2.304033041000366,
      2.3040997982025146,
      2.302980899810791,
      2.302518844604492,
      2.303009510040283,
      2.302593231201172,
      2.3022313117980957,
      2.3028619289398193,
      2.303281307220459,
      2.302495002746582,
      2.302931547164917,
      2.3034253120422363,
      2.3029911518096924,
      2.302385091781616,
      2.303342580795288,
      2.3022239208221436,
      2.302870035171509,
      2.30255389213562,
      2.302560567855835,
      2.3026604652404785,
      2.3023877143859863,
      2.3032126426696777,
      2.303109884262085,
      2.3029422760009766,
      2.3024485111236572,
      2.302992105484009,
      2.302238702774048,
      2.3026535511016846,
      2.3024373054504395,
      2.3034298419952393,
      2.301969051361084,
      2.303056478500366,
      2.302292823791504,
      2.3043055534362793,
      2.3034305572509766,
      2.301809787750244,
      2.303499698638916,
      2.302398681640625,
      2.303175210952759,
      2.302724838256836,
      2.302471399307251,
      2.3033220767974854,
      2.304492950439453,
      2.3029239177703857,
      2.3025553226470947,
      2.3026316165924072,
      2.302394151687622,
      2.3035054206848145,
      2.3028132915496826,
      2.3029987812042236,
      2.3031041622161865,
      2.3035025596618652,
      2.3026373386383057,
      2.3025565147399902,
      2.303049087524414,
      2.3025577068328857,
      2.3028202056884766,
      2.3027865886688232,
      2.3028452396392822,
      2.302370309829712,
      2.302518367767334,
      2.3032021522521973,
      2.3025448322296143,
      2.302600622177124,
      2.3031508922576904,
      2.302375078201294,
      2.3028640747070312,
      2.3026700019836426,
      2.302544593811035,
      2.3027520179748535,
      2.302368402481079,
      2.303297519683838,
      2.3030903339385986,
      2.302748203277588,
      2.3023922443389893,
      2.302931547164917,
      2.302480459213257,
      2.3024637699127197,
      2.3024697303771973,
      2.303288459777832,
      2.302212953567505,
      2.302670955657959,
      2.302344799041748,
      2.304039716720581,
      2.3032877445220947,
      2.3016960620880127,
      2.3034186363220215,
      2.3024773597717285,
      2.3030521869659424,
      2.3027350902557373,
      2.302277088165283,
      2.3033273220062256,
      2.3044967651367188,
      2.303189516067505,
      2.3027873039245605,
      2.302844762802124,
      2.302475690841675,
      2.3034286499023438,
      2.3028578758239746,
      2.3027255535125732,
      2.302747964859009,
      2.30295467376709,
      2.3026986122131348,
      2.3024566173553467,
      2.303011178970337,
      2.3027398586273193,
      2.302732467651367,
      2.302753448486328,
      2.3028035163879395,
      2.3024935722351074,
      2.3024842739105225,
      2.303053379058838,
      2.30241060256958,
      2.302727699279785,
      2.303015947341919,
      2.3024697303771973,
      2.3028266429901123,
      2.3027238845825195,
      2.302560567855835,
      2.3027148246765137,
      2.3023393154144287,
      2.3033974170684814,
      2.3031108379364014,
      2.3025856018066406,
      2.302546501159668,
      2.3028275966644287,
      2.3025779724121094,
      2.3024516105651855,
      2.3024563789367676,
      2.3032846450805664,
      2.3024308681488037,
      2.302492618560791,
      2.3022892475128174,
      2.3038763999938965,
      2.3031423091888428,
      2.3018791675567627,
      2.3031511306762695,
      2.302515983581543,
      2.3028886318206787,
      2.3025693893432617,
      2.302325487136841,
      2.3031530380249023,
      2.3042733669281006,
      2.303128719329834,
      2.3028061389923096,
      2.3029208183288574,
      2.302539110183716,
      2.303483009338379,
      2.3028571605682373,
      2.3025150299072266,
      2.3027284145355225,
      2.3026416301727295,
      2.302570343017578,
      2.302689790725708,
      2.302915096282959,
      2.302910089492798,
      2.302788734436035,
      2.3026959896087646,
      2.3027241230010986,
      2.3025622367858887,
      2.3024895191192627,
      2.302816390991211,
      2.3025426864624023,
      2.3027613162994385,
      2.3028767108917236
    ],
    "train_acc": [
      9.914,
      9.816,
      9.84,
      9.74,
      9.62
    ],