{
  "config": {
    "run_name": "exp1_1_L16_K32",
    "out_dir": "./results",
    "seed": 42,
    "device": null,
    "bs_train": 1024,
    "bs_test": 256,
    "batches": 1000,
    "epochs": 10,
    "early_stopping": 1,
    "checkpoints": null,
    "lr": 0.001,
    "reg": 0.001,
    "filters_per_layer": [
      32
    ],
    "layers_per_block": 16,
    "pool_every": 4,
    "hidden_dims": [
      100
    ],
    "kernel_size": 3,
    "stride": 1,
    "padding": 1,
    "pooling_size": 2,
    "pooling_type": "avg",
    "activation_type": "lrelu",
    "model_type": "cnn",
    "kw": {}
  },
  "results": {
    "num_epochs": 3,
    "train_loss": [
      2.3045833110809326,
      2.304732084274292,
      2.3037593364715576,
      2.305055856704712,
      2.3034439086914062,
      2.3062267303466797,
      2.3023955821990967,
      2.3041865825653076,
      2.303647518157959,
      2.300852060317993,
      2.3025553226470947,
      2.304868698120117,
      2.302396535873413,
      2.3024728298187256,
      2.3020315170288086,
      2.3021509647369385,
      2.3029298782348633,
      2.302656650543213,
      2.3034677505493164,
      2.303182363510132,
      2.3022100925445557,
      2.3035829067230225,
      2.302403450012207,
      2.3028695583343506,
      2.302834987640381,
      2.302499771118164,
      2.303244113922119,
      2.303412437438965,
      2.302687406539917,
      2.3026576042175293,
      2.3030335903167725,
      2.3034350872039795,
      2.303598403930664,
      2.3025553226470947,
      2.302654504776001,
      2.3028085231781006,
      2.3029088973999023,
      2.302151679992676,
      2.3029565811157227,
      2.302995204925537,
      2.302673101425171,
      2.303070306777954,
      2.302729845046997,
      2.302474021911621,
      2.3022773265838623,
      2.3021812438964844,
      2.3027820587158203,
      2.3024351596832275,
      2.302868604660034,
      2.3032615184783936,
      2.3029704093933105,
      2.3027572631835938,
      2.302947759628296,
      2.3021092414855957,
      2.302943706512451,
      2.302983283996582,
      2.3032641410827637,
      2.303255319595337,
      2.302741527557373,
      2.302856922149658,
      2.302643299102783,
      2.3026771545410156,
      2.3026516437530518,
      2.3028438091278076,
      2.303035259246826,
      2.3026633262634277,
      2.3027637004852295,
      2.3029093742370605,
      2.3026063442230225,
      2.3029820919036865,
      2.3019111156463623,
      2.3031067848205566,
      2.3028461933135986,
      2.3026041984558105,
      2.3030152320861816,
      2.302457809448242,
      2.3032662868499756,
      2.3034844398498535,
      2.3030738830566406,
      2.302729606628418,
      2.302968740463257,
      2.302628755569458,
      2.3029696941375732,
      2.3027260303497314,
      2.3025166988372803,
      2.302748918533325,
      2.302654504776001,
      2.3026931285858154,
      2.302713394165039,
      2.302830219268799,
      2.3026435375213623,
      2.302738904953003,
      2.3027596473693848,
      2.3025949001312256,
      2.3026187419891357,
      2.3023014068603516,
      2.30287504196167,
      2.3026325702667236,
      2.30279278755188,
      2.303048610687256,
      2.3027284145355225,
      2.302706480026245,
      2.302760601043701,
      2.3022868633270264,
      2.3028409481048584,
      2.302741765975952,
      2.3030974864959717,
      2.3030953407287598,
      2.302669048309326,
      2.302835702896118,
      2.3026158809661865,
      2.3026561737060547,
      2.3026602268218994,
      2.302755355834961,
      2.3029303550720215,
      2.302675724029541,
      2.3026864528656006,
      2.302777051925659,
      2.3026633262634277,
      2.3028786182403564,
      2.302043914794922,
      2.3029818534851074,
      2.302790641784668,
      2.302607774734497,
      2.302906036376953,
      2.3024630546569824,
      2.3031909465789795,
      2.3033528327941895,
      2.3030357360839844,
      2.3027124404907227,
      2.3029375076293945,
      2.302682638168335,
      2.3028974533081055,
      2.3027257919311523,
      2.3025386333465576,
      2.3027305603027344,
      2.3026278018951416,
      2.302725315093994,
      2.3026859760284424,
      2.3027687072753906,
      2.302644968032837,
      2.302639961242676,
      2.3027126789093018,
      2.3026015758514404,
      2.302659749984741,
      2.3023431301116943,
      2.302799940109253,
      2.302633285522461,
      2.3027758598327637,
      2.302954912185669,
      2.30271053314209,
      2.3026838302612305,
      2.302746057510376,
      2.30232572555542,
      2.302799701690674,
      2.302757978439331,
      2.3030195236206055,
      2.303032398223877,
      2.302666187286377,
      2.3027989864349365,
      2.3026130199432373,
      2.302643060684204,
      2.3026390075683594,
      2.302732467651367,
      2.302882194519043,
      2.3026552200317383,
      2.3026835918426514,
      2.3027732372283936,
      2.3026371002197266,
      2.302846670150757,
      2.3020970821380615,
      2.302938222885132,
      2.3027613162994385,
      2.3026180267333984,
      2.302874803543091,
      2.302466869354248,
      2.303133487701416,
      2.3032734394073486,
      2.302985429763794,
      2.3026998043060303,
      2.30290150642395,
      2.3026814460754395,
      2.3028581142425537,
      2.302718162536621,
      2.3025479316711426,
      2.3027172088623047,
      2.3026223182678223,
      2.3027234077453613,
      2.302665948867798,
      2.3027405738830566,
      2.3026394844055176,
      2.302609920501709,
      2.302692413330078,
      2.3025996685028076,
      2.3026623725891113,
      2.3023722171783447,
      2.30277943611145,
      2.30263352394104,
      2.3027617931365967,
      2.302908182144165,
      2.3026835918426514,
      2.3026678562164307,
      2.3027281761169434,
      2.3023581504821777,
      2.302769184112549,
      2.302741765975952,
      2.302971601486206,
      2.302985906600952,
      2.3026602268218994,
      2.3027751445770264,
      2.3026137351989746,
      2.30263352394104,
      2.302625894546509,
      2.302717447280884,
      2.3028507232666016,
      2.302650213241577,
      2.3026695251464844,
      2.302760124206543,
      2.3026249408721924,
      2.3028204441070557,
      2.3021371364593506,
      2.3028953075408936,
      2.302748203277588,
      2.3026039600372314,
      2.302844762802124,
      2.3024773597717285,
      2.3030834197998047,
      2.3032219409942627,
      2.3029589653015137,
      2.3026905059814453,
      2.3028793334960938,
      2.3026628494262695,
      2.3028266429901123,
      2.302717924118042,
      2.3025503158569336,
      2.302708387374878,
      2.302609920501709,
      2.3027284145355225,
      2.3026559352874756,
      2.3027162551879883,
      2.3026413917541504,
      2.302578926086426,
      2.3026773929595947,
      2.3025989532470703,
      2.302678108215332,
      2.302396535873413,
      2.3027520179748535,
      2.3026394844055176,
      2.302750587463379,
      2.302865743637085
    ],
    "train_acc": [
      9.97,
      9.588,
      9.566,
      9.594,
      9.546
    ],