{
  "config": {
    "run_name": "exp1_3_L1_K64-128-256",
    "out_dir": "./results",
    "seed": 42,
    "device": null,
    "bs_train": 1024,
    "bs_test": 256,
    "batches": 1000,
    "epochs": 20,
    "early_stopping": 2,
    "checkpoints": null,
    "lr": 0.001,
    "reg": 0.001,
    "filters_per_layer": [
      64,
      128,
      256
    ],
    "layers_per_block": 1,
    "pool_every": 1,
    "hidden_dims": [
      1024
    ],
    "pooling_kernel_size": 3,
    "stride": 1,
    "padding": 1,
    "pooling_size": 2,
    "pooling_type": "avg",
    "activation_type": "lrelu",
    "model_type": "cnn",
    "kw": {}
  },
  "results": {
    "num_epochs": 5,
    "train_loss": [
      2.3022594451904297,
      2.3029415607452393,
      2.2999322414398193,
      2.3006327152252197,
      2.2982163429260254,
      2.296861410140991,
      2.300553798675537,
      2.2977383136749268,
      2.2940940856933594,
      2.2923104763031006,
      2.2875027656555176,
      2.28765606880188,
      2.284437656402588,
      2.280412435531616,
      2.280668020248413,
      2.27362060546875,
      2.2732529640197754,
      2.26477313041687,
      2.258915662765503,
      2.2492640018463135,
      2.2339365482330322,
      2.2271487712860107,
      2.228358507156372,
      2.1992294788360596,
      2.202873945236206,
      2.190826177597046,
      2.177356243133545,
      2.181751251220703,
      2.1799845695495605,
      2.1725594997406006,
      2.177741289138794,
      2.1671953201293945,
      2.135664463043213,
      2.1500816345214844,
      2.128089427947998,
      2.1161255836486816,
      2.1306543350219727,
      2.1324360370635986,
      2.104743003845215,
      2.1308858394622803,
      2.1194918155670166,
      2.1042287349700928,
      2.1166532039642334,
      2.068011522293091,
      2.1089248657226562,
      2.1025962829589844,
      2.0965280532836914,
      2.072827100753784,
      2.1009292602539062,
      2.0688226222991943,
      2.0643324851989746,
      2.0827836990356445,
      2.0973198413848877,
      2.055833339691162,
      2.0500481128692627,
      2.062960624694824,
      2.071640729904175,
      2.0869390964508057,
      2.115921974182129,
      2.083176374435425,
      2.0832583904266357,
      2.0654289722442627,
      2.0668892860412598,
      2.0658740997314453,
      2.0922231674194336,
      2.104977607727051,
      2.0911896228790283,
      2.0943686962127686,
      2.0750088691711426,
      2.0704526901245117,
      2.0554754734039307,
      2.055614471435547,
      2.071218490600586,
      2.030494213104248,
      2.0525403022766113,
      2.0545525550842285,
      2.0396010875701904,
      2.0680882930755615,
      2.0594124794006348,
      2.0514919757843018,
      2.059516191482544,
      2.0598528385162354,
      2.0304176807403564,
      2.055471897125244,
      2.044219970703125,
      2.030324697494507,
      2.031163454055786,
      2.06862211227417,
      2.028559923171997,
      2.0605547428131104,
      2.06569504737854,
      2.045159101486206,
      2.069211006164551,
      2.0094799995422363,
      2.0551719665527344,
      2.050849199295044,
      2.0435080528259277,
      2.008854389190674,
      2.041236639022827,
      2.0249741077423096,
      2.0018692016601562,
      2.02567458152771,
      2.027627944946289,
      2.0030484199523926,
      2.003174304962158,
      2.0070931911468506,
      2.0176961421966553,
      2.005002498626709,
      2.0622549057006836,
      2.009974479675293,
      2.0150017738342285,
      2.000723361968994,
      1.9928041696548462,
      1.9969679117202759,
      2.0216426849365234,
      2.033994197845459,
      2.0219244956970215,
      2.0287134647369385,
      2.0173709392547607,
      2.017521858215332,
      1.9991649389266968,
      1.9880733489990234,
      2.0155482292175293,
      1.9632678031921387,
      1.9959672689437866,
      2.000124216079712,
      1.9848699569702148,
      2.011509418487549,
      1.9992741346359253,
      1.9981582164764404,
      2.018033027648926,
      2.0060479640960693,
      1.9821571111679077,
      2.009209632873535,
      1.9998970031738281,
      1.960945725440979,
      1.9928008317947388,
      2.015941619873047,
      2.000274896621704,
      2.0096991062164307,
      2.013307571411133,
      2.000797748565674,
      2.0318546295166016,
      1.953654170036316,
      2.014446258544922,
      1.9941366910934448,
      2.006546974182129,
      1.9637413024902344,
      1.9970576763153076,
      2.0000009536743164,
      1.9682413339614868,
      1.992539405822754,
      2.009718418121338,
      1.9751102924346924,
      1.9648442268371582,
      1.9916216135025024,
      1.9835668802261353,
      1.9727548360824585,
      2.017462730407715,
      2.003965377807617,
      1.978598713874817,
      1.976570725440979,
      1.984933614730835,
      1.9642783403396606,
      2.0032596588134766,
      2.007124185562134,
      1.9991118907928467,
      1.9978892803192139,
      1.9894899129867554,
      1.9926691055297852,
      1.9720147848129272,
      1.962752342224121,
      1.9841375350952148,
      1.9399964809417725,
      1.973678469657898,
      1.9816701412200928,
      1.961288332939148,
      1.982419490814209,
      1.9761767387390137,
      1.9700242280960083,
      1.9915823936462402,
      1.980493426322937,
      1.960315465927124,
      1.9911130666732788,
      1.9738764762878418,
      1.9371122121810913,
      1.9707913398742676,
      1.99465012550354,
      1.9739934206008911,
      1.9862920045852661,
      1.9930522441864014,
      1.9778927564620972,
      2.0046467781066895,
      1.929391622543335,
      1.9970554113388062,
      1.971582055091858,
      1.9828470945358276,
      1.9452197551727295,
      1.9750393629074097,
      1.9766477346420288,
      1.9447582960128784,
      1.9831362962722778,
      1.9831315279006958,
      1.9617979526519775,
      1.9365451335906982,
      1.9904630184173584,
      1.9608005285263062,
      1.9445842504501343,
      2.034637212753296,
      1.9729187488555908,
      1.9581173658370972,
      1.9679646492004395,
      1.9480903148651123,
      1.9516403675079346,
      1.962841510772705,
      1.9936015605926514,
      1.9694784879684448,
      1.9738346338272095,
      1.9666039943695068,
      1.96599543094635,
      1.9509888887405396,
      1.9376713037490845,
      1.9672924280166626,
      1.9222679138183594,
      1.9537482261657715,
      1.9649271965026855,
      1.9361517429351807,
      1.9584357738494873,
      1.955336093902588,
      1.94669771194458,
      1.9719154834747314,
      1.959836721420288,
      1.9440507888793945,
      1.9750202894210815,
      1.955053448677063,
      1.9239840507507324,
      1.9579193592071533,
      1.9767661094665527,
      1.9564309120178223,
      1.9691838026046753,
      1.978637933731079,
      1.959319829940796,
      1.9814575910568237,
      1.9143352508544922,
      1.977919101715088,
      1.9513959884643555,
      1.9624810218811035,
      1.9291956424713135,
      1.9533343315124512,
      1.9485135078430176,
      1.9292885065078735,
      1.9559930562973022,
      1.9625111818313599,
      1.9493072032928467,
      1.9210476875305176,
      1.9651073217391968,
      1.9365359544754028,
      1.9334321022033691,
      2.010441780090332,
      1.955797553062439,
      1.9508732557296753,
      1.96224844455719,
      1.9207713603973389,
      1.9413074254989624,
      1.9510821104049683,
      1.9777354001998901,
      1.95639169216156,
      1.9670946598052979,
      1.951076626777649,
      1.945001482963562,
      1.949002742767334,
      1.932763934135437,
      1.9550096988677979,
      1.9184318780899048,
      1.9474674463272095,
      1.9561851024627686,
      1.9206057786941528,
      1.950931429862976,
      1.9432625770568848,
      1.9271308183670044,
      1.9519206285476685,
      1.9538090229034424,
      1.9353193044662476,
      1.9589890241622925,
      1.9430389404296875,
